"case","event","startTime","completeTime","simulated:logProbability","concept:simulated"
"0","Activity A","2018/07/02 17:19:55.260","2018/07/02 17:19:55.260","-3.1780538303479458","true"
"0","Activity C","2018/07/02 17:21:55.260","2018/07/02 17:21:55.260","-3.1780538303479458","true"
"0","Activity E","2018/07/02 17:22:55.260","2018/07/02 17:22:55.260","-3.1780538303479458","true"
"0","Activity D","2018/07/02 17:23:55.260","2018/07/02 17:23:55.260","-3.1780538303479458","true"
"0","Activity G","2018/07/02 17:24:55.260","2018/07/02 17:24:55.260","-3.1780538303479458","true"
"0","Activity H","2018/07/02 17:25:55.260","2018/07/02 17:25:55.260","-3.1780538303479458","true"
"0","Activity B","2018/07/02 17:27:55.260","2018/07/02 17:27:55.260","-3.1780538303479458","true"
"1","Activity A","2018/07/02 17:20:17.878","2018/07/02 17:20:17.878","-2.0794415416798357","true"
"1","Activity C","2018/07/02 17:22:17.878","2018/07/02 17:22:17.878","-2.0794415416798357","true"
"1","Activity H","2018/07/02 17:23:17.878","2018/07/02 17:23:17.878","-2.0794415416798357","true"
"1","Activity E","2018/07/02 17:24:17.878","2018/07/02 17:24:17.878","-2.0794415416798357","true"
"1","Activity D","2018/07/02 17:25:17.878","2018/07/02 17:25:17.878","-2.0794415416798357","true"
"1","Activity G","2018/07/02 17:26:17.878","2018/07/02 17:26:17.878","-2.0794415416798357","true"
"1","Activity B","2018/07/02 17:28:17.878","2018/07/02 17:28:17.878","-2.0794415416798357","true"
"2","Activity A","2018/07/02 17:20:59.506","2018/07/02 17:20:59.506","-3.4657359027997265","true"
"2","Activity C","2018/07/02 17:22:59.506","2018/07/02 17:22:59.506","-3.4657359027997265","true"
"2","Activity H","2018/07/02 17:23:59.506","2018/07/02 17:23:59.506","-3.4657359027997265","true"
"2","Activity E","2018/07/02 17:24:59.506","2018/07/02 17:24:59.506","-3.4657359027997265","true"
"2","Activity F","2018/07/02 17:25:59.506","2018/07/02 17:25:59.506","-3.4657359027997265","true"
"2","Activity E","2018/07/02 17:26:59.506","2018/07/02 17:26:59.506","-3.4657359027997265","true"
"2","Activity F","2018/07/02 17:27:59.506","2018/07/02 17:27:59.506","-3.4657359027997265","true"
"2","Activity E","2018/07/02 17:28:59.506","2018/07/02 17:28:59.506","-3.4657359027997265","true"
"2","Activity D","2018/07/02 17:29:59.506","2018/07/02 17:29:59.506","-3.4657359027997265","true"
"2","Activity G","2018/07/02 17:30:59.506","2018/07/02 17:30:59.506","-3.4657359027997265","true"
"2","Activity B","2018/07/02 17:32:59.506","2018/07/02 17:32:59.506","-3.4657359027997265","true"
"3","Activity A","2018/07/02 17:21:55.495","2018/07/02 17:21:55.495","-6.761572768804056","true"
"3","Activity C","2018/07/02 17:23:55.495","2018/07/02 17:23:55.495","-6.761572768804056","true"
"3","Activity E","2018/07/02 17:24:55.495","2018/07/02 17:24:55.495","-6.761572768804056","true"
"3","Activity F","2018/07/02 17:25:55.495","2018/07/02 17:25:55.495","-6.761572768804056","true"
"3","Activity E","2018/07/02 17:26:55.495","2018/07/02 17:26:55.495","-6.761572768804056","true"
"3","Activity F","2018/07/02 17:27:55.495","2018/07/02 17:27:55.495","-6.761572768804056","true"
"3","Activity E","2018/07/02 17:28:55.495","2018/07/02 17:28:55.495","-6.761572768804056","true"
"3","Activity D","2018/07/02 17:29:55.495","2018/07/02 17:29:55.495","-6.761572768804056","true"
"3","Activity H","2018/07/02 17:30:55.495","2018/07/02 17:30:55.495","-6.761572768804056","true"
"3","Activity G","2018/07/02 17:31:55.495","2018/07/02 17:31:55.495","-6.761572768804056","true"
"3","Activity B","2018/07/02 17:33:55.495","2018/07/02 17:33:55.495","-6.761572768804056","true"
"4","Activity A","2018/07/02 17:22:14.358","2018/07/02 17:22:14.358","-1.3862943611198906","true"
"4","Activity H","2018/07/02 17:24:14.358","2018/07/02 17:24:14.358","-1.3862943611198906","true"
"4","Activity C","2018/07/02 17:25:14.358","2018/07/02 17:25:14.358","-1.3862943611198906","true"
"4","Activity E","2018/07/02 17:26:14.358","2018/07/02 17:26:14.358","-1.3862943611198906","true"
"4","Activity D","2018/07/02 17:27:14.358","2018/07/02 17:27:14.358","-1.3862943611198906","true"
"4","Activity G","2018/07/02 17:28:14.358","2018/07/02 17:28:14.358","-1.3862943611198906","true"
"4","Activity B","2018/07/02 17:30:14.358","2018/07/02 17:30:14.358","-1.3862943611198906","true"
"5","Activity A","2018/07/02 17:23:32.400","2018/07/02 17:23:32.400","-2.0794415416798357","true"
"5","Activity H","2018/07/02 17:25:32.400","2018/07/02 17:25:32.400","-2.0794415416798357","true"
"5","Activity C","2018/07/02 17:26:32.400","2018/07/02 17:26:32.400","-2.0794415416798357","true"
"5","Activity E","2018/07/02 17:27:32.400","2018/07/02 17:27:32.400","-2.0794415416798357","true"
"5","Activity F","2018/07/02 17:28:32.400","2018/07/02 17:28:32.400","-2.0794415416798357","true"
"5","Activity E","2018/07/02 17:29:32.400","2018/07/02 17:29:32.400","-2.0794415416798357","true"
"5","Activity D","2018/07/02 17:30:32.400","2018/07/02 17:30:32.400","-2.0794415416798357","true"
"5","Activity G","2018/07/02 17:31:32.400","2018/07/02 17:31:32.400","-2.0794415416798357","true"
"5","Activity B","2018/07/02 17:33:32.400","2018/07/02 17:33:32.400","-2.0794415416798357","true"
"6","Activity A","2018/07/02 17:24:16.891","2018/07/02 17:24:16.891","-3.1780538303479458","true"
"6","Activity C","2018/07/02 17:26:16.891","2018/07/02 17:26:16.891","-3.1780538303479458","true"
"6","Activity E","2018/07/02 17:27:16.891","2018/07/02 17:27:16.891","-3.1780538303479458","true"
"6","Activity D","2018/07/02 17:28:16.891","2018/07/02 17:28:16.891","-3.1780538303479458","true"
"6","Activity G","2018/07/02 17:29:16.891","2018/07/02 17:29:16.891","-3.1780538303479458","true"
"6","Activity H","2018/07/02 17:30:16.891","2018/07/02 17:30:16.891","-3.1780538303479458","true"
"6","Activity B","2018/07/02 17:32:16.891","2018/07/02 17:32:16.891","-3.1780538303479458","true"
"7","Activity A","2018/07/02 17:24:23.684","2018/07/02 17:24:23.684","-5.2574953720277815","true"
"7","Activity C","2018/07/02 17:26:23.684","2018/07/02 17:26:23.684","-5.2574953720277815","true"
"7","Activity E","2018/07/02 17:27:23.684","2018/07/02 17:27:23.684","-5.2574953720277815","true"
"7","Activity H","2018/07/02 17:28:23.684","2018/07/02 17:28:23.684","-5.2574953720277815","true"
"7","Activity F","2018/07/02 17:29:23.684","2018/07/02 17:29:23.684","-5.2574953720277815","true"
"7","Activity E","2018/07/02 17:30:23.684","2018/07/02 17:30:23.684","-5.2574953720277815","true"
"7","Activity F","2018/07/02 17:31:23.684","2018/07/02 17:31:23.684","-5.2574953720277815","true"
"7","Activity E","2018/07/02 17:32:23.684","2018/07/02 17:32:23.684","-5.2574953720277815","true"
"7","Activity F","2018/07/02 17:33:23.684","2018/07/02 17:33:23.684","-5.2574953720277815","true"
"7","Activity E","2018/07/02 17:34:23.684","2018/07/02 17:34:23.684","-5.2574953720277815","true"
"7","Activity D","2018/07/02 17:35:23.684","2018/07/02 17:35:23.684","-5.2574953720277815","true"
"7","Activity G","2018/07/02 17:36:23.684","2018/07/02 17:36:23.684","-5.2574953720277815","true"
"7","Activity B","2018/07/02 17:38:23.684","2018/07/02 17:38:23.684","-5.2574953720277815","true"
"8","Activity A","2018/07/02 17:25:28.188","2018/07/02 17:25:28.188","-1.3862943611198906","true"
"8","Activity H","2018/07/02 17:27:28.188","2018/07/02 17:27:28.188","-1.3862943611198906","true"
"8","Activity C","2018/07/02 17:28:28.188","2018/07/02 17:28:28.188","-1.3862943611198906","true"
"8","Activity E","2018/07/02 17:29:28.188","2018/07/02 17:29:28.188","-1.3862943611198906","true"
"8","Activity D","2018/07/02 17:30:28.188","2018/07/02 17:30:28.188","-1.3862943611198906","true"
"8","Activity G","2018/07/02 17:31:28.188","2018/07/02 17:31:28.188","-1.3862943611198906","true"
"8","Activity B","2018/07/02 17:33:28.188","2018/07/02 17:33:28.188","-1.3862943611198906","true"
"9","Activity A","2018/07/02 17:25:32.012","2018/07/02 17:25:32.012","-5.2574953720277815","true"
"9","Activity C","2018/07/02 17:27:32.012","2018/07/02 17:27:32.012","-5.2574953720277815","true"
"9","Activity E","2018/07/02 17:28:32.012","2018/07/02 17:28:32.012","-5.2574953720277815","true"
"9","Activity H","2018/07/02 17:29:32.012","2018/07/02 17:29:32.012","-5.2574953720277815","true"
"9","Activity F","2018/07/02 17:30:32.012","2018/07/02 17:30:32.012","-5.2574953720277815","true"
"9","Activity E","2018/07/02 17:31:32.012","2018/07/02 17:31:32.012","-5.2574953720277815","true"
"9","Activity F","2018/07/02 17:32:32.012","2018/07/02 17:32:32.012","-5.2574953720277815","true"
"9","Activity E","2018/07/02 17:33:32.012","2018/07/02 17:33:32.012","-5.2574953720277815","true"
"9","Activity F","2018/07/02 17:34:32.012","2018/07/02 17:34:32.012","-5.2574953720277815","true"
"9","Activity E","2018/07/02 17:35:32.012","2018/07/02 17:35:32.012","-5.2574953720277815","true"
"9","Activity D","2018/07/02 17:36:32.012","2018/07/02 17:36:32.012","-5.2574953720277815","true"
"9","Activity G","2018/07/02 17:37:32.012","2018/07/02 17:37:32.012","-5.2574953720277815","true"
"9","Activity B","2018/07/02 17:39:32.012","2018/07/02 17:39:32.012","-5.2574953720277815","true"
"10","Activity A","2018/07/02 17:25:39.750","2018/07/02 17:25:39.750","-3.4657359027997265","true"
"10","Activity H","2018/07/02 17:27:39.750","2018/07/02 17:27:39.750","-3.4657359027997265","true"
"10","Activity C","2018/07/02 17:28:39.750","2018/07/02 17:28:39.750","-3.4657359027997265","true"
"10","Activity E","2018/07/02 17:29:39.750","2018/07/02 17:29:39.750","-3.4657359027997265","true"
"10","Activity F","2018/07/02 17:30:39.750","2018/07/02 17:30:39.750","-3.4657359027997265","true"
"10","Activity E","2018/07/02 17:31:39.750","2018/07/02 17:31:39.750","-3.4657359027997265","true"
"10","Activity F","2018/07/02 17:32:39.750","2018/07/02 17:32:39.750","-3.4657359027997265","true"
"10","Activity E","2018/07/02 17:33:39.750","2018/07/02 17:33:39.750","-3.4657359027997265","true"
"10","Activity F","2018/07/02 17:34:39.750","2018/07/02 17:34:39.750","-3.4657359027997265","true"
"10","Activity E","2018/07/02 17:35:39.750","2018/07/02 17:35:39.750","-3.4657359027997265","true"
"10","Activity D","2018/07/02 17:36:39.750","2018/07/02 17:36:39.750","-3.4657359027997265","true"
"10","Activity G","2018/07/02 17:37:39.750","2018/07/02 17:37:39.750","-3.4657359027997265","true"
"10","Activity B","2018/07/02 17:39:39.750","2018/07/02 17:39:39.750","-3.4657359027997265","true"
"11","Activity A","2018/07/02 17:25:59.896","2018/07/02 17:25:59.896","-3.871201010907891","true"
"11","Activity C","2018/07/02 17:27:59.896","2018/07/02 17:27:59.896","-3.871201010907891","true"
"11","Activity E","2018/07/02 17:28:59.896","2018/07/02 17:28:59.896","-3.871201010907891","true"
"11","Activity F","2018/07/02 17:29:59.896","2018/07/02 17:29:59.896","-3.871201010907891","true"
"11","Activity H","2018/07/02 17:30:59.896","2018/07/02 17:30:59.896","-3.871201010907891","true"
"11","Activity E","2018/07/02 17:31:59.896","2018/07/02 17:31:59.896","-3.871201010907891","true"
"11","Activity D","2018/07/02 17:32:59.896","2018/07/02 17:32:59.896","-3.871201010907891","true"
"11","Activity G","2018/07/02 17:33:59.896","2018/07/02 17:33:59.896","-3.871201010907891","true"
"11","Activity B","2018/07/02 17:35:59.896","2018/07/02 17:35:59.896","-3.871201010907891","true"
"12","Activity A","2018/07/02 17:27:27.466","2018/07/02 17:27:27.466","-2.0794415416798357","true"
"12","Activity H","2018/07/02 17:29:27.466","2018/07/02 17:29:27.466","-2.0794415416798357","true"
"12","Activity C","2018/07/02 17:30:27.466","2018/07/02 17:30:27.466","-2.0794415416798357","true"
"12","Activity E","2018/07/02 17:31:27.466","2018/07/02 17:31:27.466","-2.0794415416798357","true"
"12","Activity F","2018/07/02 17:32:27.466","2018/07/02 17:32:27.466","-2.0794415416798357","true"
"12","Activity E","2018/07/02 17:33:27.466","2018/07/02 17:33:27.466","-2.0794415416798357","true"
"12","Activity D","2018/07/02 17:34:27.466","2018/07/02 17:34:27.466","-2.0794415416798357","true"
"12","Activity G","2018/07/02 17:35:27.466","2018/07/02 17:35:27.466","-2.0794415416798357","true"
"12","Activity B","2018/07/02 17:37:27.466","2018/07/02 17:37:27.466","-2.0794415416798357","true"
"13","Activity A","2018/07/02 17:28:05.065","2018/07/02 17:28:05.065","-1.3862943611198906","true"
"13","Activity H","2018/07/02 17:30:05.065","2018/07/02 17:30:05.065","-1.3862943611198906","true"
"13","Activity C","2018/07/02 17:31:05.065","2018/07/02 17:31:05.065","-1.3862943611198906","true"
"13","Activity E","2018/07/02 17:32:05.065","2018/07/02 17:32:05.065","-1.3862943611198906","true"
"13","Activity D","2018/07/02 17:33:05.065","2018/07/02 17:33:05.065","-1.3862943611198906","true"
"13","Activity G","2018/07/02 17:34:05.065","2018/07/02 17:34:05.065","-1.3862943611198906","true"
"13","Activity B","2018/07/02 17:36:05.065","2018/07/02 17:36:05.065","-1.3862943611198906","true"
"14","Activity A","2018/07/02 17:28:28.244","2018/07/02 17:28:28.244","-2.772588722239781","true"
"14","Activity C","2018/07/02 17:30:28.244","2018/07/02 17:30:28.244","-2.772588722239781","true"
"14","Activity H","2018/07/02 17:31:28.244","2018/07/02 17:31:28.244","-2.772588722239781","true"
"14","Activity E","2018/07/02 17:32:28.244","2018/07/02 17:32:28.244","-2.772588722239781","true"
"14","Activity F","2018/07/02 17:33:28.244","2018/07/02 17:33:28.244","-2.772588722239781","true"
"14","Activity E","2018/07/02 17:34:28.244","2018/07/02 17:34:28.244","-2.772588722239781","true"
"14","Activity D","2018/07/02 17:35:28.244","2018/07/02 17:35:28.244","-2.772588722239781","true"
"14","Activity G","2018/07/02 17:36:28.244","2018/07/02 17:36:28.244","-2.772588722239781","true"
"14","Activity B","2018/07/02 17:38:28.244","2018/07/02 17:38:28.244","-2.772588722239781","true"
"15","Activity A","2018/07/02 17:28:30.051","2018/07/02 17:28:30.051","-2.0794415416798357","true"
"15","Activity C","2018/07/02 17:30:30.051","2018/07/02 17:30:30.051","-2.0794415416798357","true"
"15","Activity H","2018/07/02 17:31:30.051","2018/07/02 17:31:30.051","-2.0794415416798357","true"
"15","Activity E","2018/07/02 17:32:30.051","2018/07/02 17:32:30.051","-2.0794415416798357","true"
"15","Activity D","2018/07/02 17:33:30.051","2018/07/02 17:33:30.051","-2.0794415416798357","true"
"15","Activity G","2018/07/02 17:34:30.051","2018/07/02 17:34:30.051","-2.0794415416798357","true"
"15","Activity B","2018/07/02 17:36:30.051","2018/07/02 17:36:30.051","-2.0794415416798357","true"
"16","Activity A","2018/07/02 17:30:03.664","2018/07/02 17:30:03.664","-1.3862943611198906","true"
"16","Activity H","2018/07/02 17:32:03.664","2018/07/02 17:32:03.664","-1.3862943611198906","true"
"16","Activity C","2018/07/02 17:33:03.664","2018/07/02 17:33:03.664","-1.3862943611198906","true"
"16","Activity E","2018/07/02 17:34:03.664","2018/07/02 17:34:03.664","-1.3862943611198906","true"
"16","Activity D","2018/07/02 17:35:03.664","2018/07/02 17:35:03.664","-1.3862943611198906","true"
"16","Activity G","2018/07/02 17:36:03.664","2018/07/02 17:36:03.664","-1.3862943611198906","true"
"16","Activity B","2018/07/02 17:38:03.664","2018/07/02 17:38:03.664","-1.3862943611198906","true"
"17","Activity A","2018/07/02 17:30:45.792","2018/07/02 17:30:45.792","-2.772588722239781","true"
"17","Activity C","2018/07/02 17:32:45.792","2018/07/02 17:32:45.792","-2.772588722239781","true"
"17","Activity H","2018/07/02 17:33:45.792","2018/07/02 17:33:45.792","-2.772588722239781","true"
"17","Activity E","2018/07/02 17:34:45.792","2018/07/02 17:34:45.792","-2.772588722239781","true"
"17","Activity F","2018/07/02 17:35:45.792","2018/07/02 17:35:45.792","-2.772588722239781","true"
"17","Activity E","2018/07/02 17:36:45.792","2018/07/02 17:36:45.792","-2.772588722239781","true"
"17","Activity D","2018/07/02 17:37:45.792","2018/07/02 17:37:45.792","-2.772588722239781","true"
"17","Activity G","2018/07/02 17:38:45.792","2018/07/02 17:38:45.792","-2.772588722239781","true"
"17","Activity B","2018/07/02 17:40:45.792","2018/07/02 17:40:45.792","-2.772588722239781","true"
"18","Activity A","2018/07/02 17:33:21.162","2018/07/02 17:33:21.162","-3.4657359027997265","true"
"18","Activity H","2018/07/02 17:35:21.162","2018/07/02 17:35:21.162","-3.4657359027997265","true"
"18","Activity C","2018/07/02 17:36:21.162","2018/07/02 17:36:21.162","-3.4657359027997265","true"
"18","Activity E","2018/07/02 17:37:21.162","2018/07/02 17:37:21.162","-3.4657359027997265","true"
"18","Activity F","2018/07/02 17:38:21.162","2018/07/02 17:38:21.162","-3.4657359027997265","true"
"18","Activity E","2018/07/02 17:39:21.162","2018/07/02 17:39:21.162","-3.4657359027997265","true"
"18","Activity F","2018/07/02 17:40:21.162","2018/07/02 17:40:21.162","-3.4657359027997265","true"
"18","Activity E","2018/07/02 17:41:21.162","2018/07/02 17:41:21.162","-3.4657359027997265","true"
"18","Activity F","2018/07/02 17:42:21.162","2018/07/02 17:42:21.162","-3.4657359027997265","true"
"18","Activity E","2018/07/02 17:43:21.162","2018/07/02 17:43:21.162","-3.4657359027997265","true"
"18","Activity D","2018/07/02 17:44:21.162","2018/07/02 17:44:21.162","-3.4657359027997265","true"
"18","Activity G","2018/07/02 17:45:21.162","2018/07/02 17:45:21.162","-3.4657359027997265","true"
"18","Activity B","2018/07/02 17:47:21.162","2018/07/02 17:47:21.162","-3.4657359027997265","true"
"19","Activity A","2018/07/02 17:33:52.765","2018/07/02 17:33:52.765","-3.4657359027997265","true"
"19","Activity H","2018/07/02 17:35:52.765","2018/07/02 17:35:52.765","-3.4657359027997265","true"
"19","Activity C","2018/07/02 17:36:52.765","2018/07/02 17:36:52.765","-3.4657359027997265","true"
"19","Activity E","2018/07/02 17:37:52.765","2018/07/02 17:37:52.765","-3.4657359027997265","true"
"19","Activity F","2018/07/02 17:38:52.765","2018/07/02 17:38:52.765","-3.4657359027997265","true"
"19","Activity E","2018/07/02 17:39:52.765","2018/07/02 17:39:52.765","-3.4657359027997265","true"
"19","Activity F","2018/07/02 17:40:52.765","2018/07/02 17:40:52.765","-3.4657359027997265","true"
"19","Activity E","2018/07/02 17:41:52.765","2018/07/02 17:41:52.765","-3.4657359027997265","true"
"19","Activity F","2018/07/02 17:42:52.765","2018/07/02 17:42:52.765","-3.4657359027997265","true"
"19","Activity E","2018/07/02 17:43:52.765","2018/07/02 17:43:52.765","-3.4657359027997265","true"
"19","Activity D","2018/07/02 17:44:52.765","2018/07/02 17:44:52.765","-3.4657359027997265","true"
"19","Activity G","2018/07/02 17:45:52.765","2018/07/02 17:45:52.765","-3.4657359027997265","true"
"19","Activity B","2018/07/02 17:47:52.765","2018/07/02 17:47:52.765","-3.4657359027997265","true"
"20","Activity A","2018/07/02 17:34:22.104","2018/07/02 17:34:22.104","-4.564348191467836","true"
"20","Activity C","2018/07/02 17:36:22.104","2018/07/02 17:36:22.104","-4.564348191467836","true"
"20","Activity E","2018/07/02 17:37:22.104","2018/07/02 17:37:22.104","-4.564348191467836","true"
"20","Activity H","2018/07/02 17:38:22.104","2018/07/02 17:38:22.104","-4.564348191467836","true"
"20","Activity F","2018/07/02 17:39:22.104","2018/07/02 17:39:22.104","-4.564348191467836","true"
"20","Activity E","2018/07/02 17:40:22.104","2018/07/02 17:40:22.104","-4.564348191467836","true"
"20","Activity F","2018/07/02 17:41:22.104","2018/07/02 17:41:22.104","-4.564348191467836","true"
"20","Activity E","2018/07/02 17:42:22.104","2018/07/02 17:42:22.104","-4.564348191467836","true"
"20","Activity D","2018/07/02 17:43:22.104","2018/07/02 17:43:22.104","-4.564348191467836","true"
"20","Activity G","2018/07/02 17:44:22.104","2018/07/02 17:44:22.104","-4.564348191467836","true"
"20","Activity B","2018/07/02 17:46:22.104","2018/07/02 17:46:22.104","-4.564348191467836","true"
"21","Activity A","2018/07/02 17:35:16.997","2018/07/02 17:35:16.997","-1.3862943611198906","true"
"21","Activity H","2018/07/02 17:37:16.997","2018/07/02 17:37:16.997","-1.3862943611198906","true"
"21","Activity C","2018/07/02 17:38:16.997","2018/07/02 17:38:16.997","-1.3862943611198906","true"
"21","Activity E","2018/07/02 17:39:16.997","2018/07/02 17:39:16.997","-1.3862943611198906","true"
"21","Activity D","2018/07/02 17:40:16.997","2018/07/02 17:40:16.997","-1.3862943611198906","true"
"21","Activity G","2018/07/02 17:41:16.997","2018/07/02 17:41:16.997","-1.3862943611198906","true"
"21","Activity B","2018/07/02 17:43:16.997","2018/07/02 17:43:16.997","-1.3862943611198906","true"
"22","Activity A","2018/07/02 17:36:13.661","2018/07/02 17:36:13.661","-1.3862943611198906","true"
"22","Activity H","2018/07/02 17:38:13.661","2018/07/02 17:38:13.661","-1.3862943611198906","true"
"22","Activity C","2018/07/02 17:39:13.661","2018/07/02 17:39:13.661","-1.3862943611198906","true"
"22","Activity E","2018/07/02 17:40:13.661","2018/07/02 17:40:13.661","-1.3862943611198906","true"
"22","Activity D","2018/07/02 17:41:13.661","2018/07/02 17:41:13.661","-1.3862943611198906","true"
"22","Activity G","2018/07/02 17:42:13.661","2018/07/02 17:42:13.661","-1.3862943611198906","true"
"22","Activity B","2018/07/02 17:44:13.661","2018/07/02 17:44:13.661","-1.3862943611198906","true"
"23","Activity A","2018/07/02 17:36:15.342","2018/07/02 17:36:15.342","-5.545177444479562","true"
"23","Activity H","2018/07/02 17:38:15.342","2018/07/02 17:38:15.342","-5.545177444479562","true"
"23","Activity C","2018/07/02 17:39:15.342","2018/07/02 17:39:15.342","-5.545177444479562","true"
"23","Activity E","2018/07/02 17:40:15.342","2018/07/02 17:40:15.342","-5.545177444479562","true"
"23","Activity F","2018/07/02 17:41:15.342","2018/07/02 17:41:15.342","-5.545177444479562","true"
"23","Activity E","2018/07/02 17:42:15.342","2018/07/02 17:42:15.342","-5.545177444479562","true"
"23","Activity F","2018/07/02 17:43:15.342","2018/07/02 17:43:15.342","-5.545177444479562","true"
"23","Activity E","2018/07/02 17:44:15.342","2018/07/02 17:44:15.342","-5.545177444479562","true"
"23","Activity F","2018/07/02 17:45:15.342","2018/07/02 17:45:15.342","-5.545177444479562","true"
"23","Activity E","2018/07/02 17:46:15.342","2018/07/02 17:46:15.342","-5.545177444479562","true"
"23","Activity F","2018/07/02 17:47:15.342","2018/07/02 17:47:15.342","-5.545177444479562","true"
"23","Activity E","2018/07/02 17:48:15.342","2018/07/02 17:48:15.342","-5.545177444479562","true"
"23","Activity F","2018/07/02 17:49:15.342","2018/07/02 17:49:15.342","-5.545177444479562","true"
"23","Activity E","2018/07/02 17:50:15.342","2018/07/02 17:50:15.342","-5.545177444479562","true"
"23","Activity F","2018/07/02 17:51:15.342","2018/07/02 17:51:15.342","-5.545177444479562","true"
"23","Activity E","2018/07/02 17:52:15.342","2018/07/02 17:52:15.342","-5.545177444479562","true"
"23","Activity D","2018/07/02 17:53:15.342","2018/07/02 17:53:15.342","-5.545177444479562","true"
"23","Activity G","2018/07/02 17:54:15.342","2018/07/02 17:54:15.342","-5.545177444479562","true"
"23","Activity B","2018/07/02 17:56:15.342","2018/07/02 17:56:15.342","-5.545177444479562","true"
"24","Activity A","2018/07/02 17:37:32.450","2018/07/02 17:37:32.450","-1.3862943611198906","true"
"24","Activity H","2018/07/02 17:39:32.450","2018/07/02 17:39:32.450","-1.3862943611198906","true"
"24","Activity C","2018/07/02 17:40:32.450","2018/07/02 17:40:32.450","-1.3862943611198906","true"
"24","Activity E","2018/07/02 17:41:32.450","2018/07/02 17:41:32.450","-1.3862943611198906","true"
"24","Activity D","2018/07/02 17:42:32.450","2018/07/02 17:42:32.450","-1.3862943611198906","true"
"24","Activity G","2018/07/02 17:43:32.450","2018/07/02 17:43:32.450","-1.3862943611198906","true"
"24","Activity B","2018/07/02 17:45:32.450","2018/07/02 17:45:32.450","-1.3862943611198906","true"
"25","Activity A","2018/07/02 17:38:15.510","2018/07/02 17:38:15.510","-1.3862943611198906","true"
"25","Activity H","2018/07/02 17:40:15.510","2018/07/02 17:40:15.510","-1.3862943611198906","true"
"25","Activity C","2018/07/02 17:41:15.510","2018/07/02 17:41:15.510","-1.3862943611198906","true"
"25","Activity E","2018/07/02 17:42:15.510","2018/07/02 17:42:15.510","-1.3862943611198906","true"
"25","Activity D","2018/07/02 17:43:15.510","2018/07/02 17:43:15.510","-1.3862943611198906","true"
"25","Activity G","2018/07/02 17:44:15.510","2018/07/02 17:44:15.510","-1.3862943611198906","true"
"25","Activity B","2018/07/02 17:46:15.510","2018/07/02 17:46:15.510","-1.3862943611198906","true"
"26","Activity A","2018/07/02 17:38:47.461","2018/07/02 17:38:47.461","-3.1780538303479458","true"
"26","Activity C","2018/07/02 17:40:47.461","2018/07/02 17:40:47.461","-3.1780538303479458","true"
"26","Activity E","2018/07/02 17:41:47.461","2018/07/02 17:41:47.461","-3.1780538303479458","true"
"26","Activity D","2018/07/02 17:42:47.461","2018/07/02 17:42:47.461","-3.1780538303479458","true"
"26","Activity G","2018/07/02 17:43:47.461","2018/07/02 17:43:47.461","-3.1780538303479458","true"
"26","Activity H","2018/07/02 17:44:47.461","2018/07/02 17:44:47.461","-3.1780538303479458","true"
"26","Activity B","2018/07/02 17:46:47.461","2018/07/02 17:46:47.461","-3.1780538303479458","true"
"27","Activity A","2018/07/02 17:38:49.973","2018/07/02 17:38:49.973","-2.0794415416798357","true"
"27","Activity C","2018/07/02 17:40:49.973","2018/07/02 17:40:49.973","-2.0794415416798357","true"
"27","Activity H","2018/07/02 17:41:49.973","2018/07/02 17:41:49.973","-2.0794415416798357","true"
"27","Activity E","2018/07/02 17:42:49.973","2018/07/02 17:42:49.973","-2.0794415416798357","true"
"27","Activity D","2018/07/02 17:43:49.973","2018/07/02 17:43:49.973","-2.0794415416798357","true"
"27","Activity G","2018/07/02 17:44:49.973","2018/07/02 17:44:49.973","-2.0794415416798357","true"
"27","Activity B","2018/07/02 17:46:49.973","2018/07/02 17:46:49.973","-2.0794415416798357","true"
"28","Activity A","2018/07/02 17:38:58.501","2018/07/02 17:38:58.501","-3.1780538303479458","true"
"28","Activity C","2018/07/02 17:40:58.501","2018/07/02 17:40:58.501","-3.1780538303479458","true"
"28","Activity E","2018/07/02 17:41:58.501","2018/07/02 17:41:58.501","-3.1780538303479458","true"
"28","Activity D","2018/07/02 17:42:58.501","2018/07/02 17:42:58.501","-3.1780538303479458","true"
"28","Activity H","2018/07/02 17:43:58.501","2018/07/02 17:43:58.501","-3.1780538303479458","true"
"28","Activity G","2018/07/02 17:44:58.501","2018/07/02 17:44:58.501","-3.1780538303479458","true"
"28","Activity B","2018/07/02 17:46:58.501","2018/07/02 17:46:58.501","-3.1780538303479458","true"
"29","Activity A","2018/07/02 17:40:44.062","2018/07/02 17:40:44.062","-2.772588722239781","true"
"29","Activity C","2018/07/02 17:42:44.062","2018/07/02 17:42:44.062","-2.772588722239781","true"
"29","Activity H","2018/07/02 17:43:44.062","2018/07/02 17:43:44.062","-2.772588722239781","true"
"29","Activity E","2018/07/02 17:44:44.062","2018/07/02 17:44:44.062","-2.772588722239781","true"
"29","Activity F","2018/07/02 17:45:44.062","2018/07/02 17:45:44.062","-2.772588722239781","true"
"29","Activity E","2018/07/02 17:46:44.062","2018/07/02 17:46:44.062","-2.772588722239781","true"
"29","Activity D","2018/07/02 17:47:44.062","2018/07/02 17:47:44.062","-2.772588722239781","true"
"29","Activity G","2018/07/02 17:48:44.062","2018/07/02 17:48:44.062","-2.772588722239781","true"
"29","Activity B","2018/07/02 17:50:44.062","2018/07/02 17:50:44.062","-2.772588722239781","true"
"30","Activity A","2018/07/02 17:41:42.366","2018/07/02 17:41:42.366","-3.1780538303479458","true"
"30","Activity C","2018/07/02 17:43:42.366","2018/07/02 17:43:42.366","-3.1780538303479458","true"
"30","Activity E","2018/07/02 17:44:42.366","2018/07/02 17:44:42.366","-3.1780538303479458","true"
"30","Activity D","2018/07/02 17:45:42.366","2018/07/02 17:45:42.366","-3.1780538303479458","true"
"30","Activity G","2018/07/02 17:46:42.366","2018/07/02 17:46:42.366","-3.1780538303479458","true"
"30","Activity H","2018/07/02 17:47:42.366","2018/07/02 17:47:42.366","-3.1780538303479458","true"
"30","Activity B","2018/07/02 17:49:42.366","2018/07/02 17:49:42.366","-3.1780538303479458","true"
"31","Activity A","2018/07/02 17:43:19.797","2018/07/02 17:43:19.797","-1.3862943611198906","true"
"31","Activity H","2018/07/02 17:45:19.797","2018/07/02 17:45:19.797","-1.3862943611198906","true"
"31","Activity C","2018/07/02 17:46:19.797","2018/07/02 17:46:19.797","-1.3862943611198906","true"
"31","Activity E","2018/07/02 17:47:19.797","2018/07/02 17:47:19.797","-1.3862943611198906","true"
"31","Activity D","2018/07/02 17:48:19.797","2018/07/02 17:48:19.797","-1.3862943611198906","true"
"31","Activity G","2018/07/02 17:49:19.797","2018/07/02 17:49:19.797","-1.3862943611198906","true"
"31","Activity B","2018/07/02 17:51:19.797","2018/07/02 17:51:19.797","-1.3862943611198906","true"
"32","Activity A","2018/07/02 17:44:34.100","2018/07/02 17:44:34.100","-1.3862943611198906","true"
"32","Activity H","2018/07/02 17:46:34.100","2018/07/02 17:46:34.100","-1.3862943611198906","true"
"32","Activity C","2018/07/02 17:47:34.100","2018/07/02 17:47:34.100","-1.3862943611198906","true"
"32","Activity E","2018/07/02 17:48:34.100","2018/07/02 17:48:34.100","-1.3862943611198906","true"
"32","Activity D","2018/07/02 17:49:34.100","2018/07/02 17:49:34.100","-1.3862943611198906","true"
"32","Activity G","2018/07/02 17:50:34.100","2018/07/02 17:50:34.100","-1.3862943611198906","true"
"32","Activity B","2018/07/02 17:52:34.100","2018/07/02 17:52:34.100","-1.3862943611198906","true"
"33","Activity A","2018/07/02 17:45:20.247","2018/07/02 17:45:20.247","-1.3862943611198906","true"
"33","Activity H","2018/07/02 17:47:20.247","2018/07/02 17:47:20.247","-1.3862943611198906","true"
"33","Activity C","2018/07/02 17:48:20.247","2018/07/02 17:48:20.247","-1.3862943611198906","true"
"33","Activity E","2018/07/02 17:49:20.247","2018/07/02 17:49:20.247","-1.3862943611198906","true"
"33","Activity D","2018/07/02 17:50:20.247","2018/07/02 17:50:20.247","-1.3862943611198906","true"
"33","Activity G","2018/07/02 17:51:20.247","2018/07/02 17:51:20.247","-1.3862943611198906","true"
"33","Activity B","2018/07/02 17:53:20.247","2018/07/02 17:53:20.247","-1.3862943611198906","true"
"34","Activity A","2018/07/02 17:45:25.343","2018/07/02 17:45:25.343","-5.2574953720277815","true"
"34","Activity C","2018/07/02 17:47:25.343","2018/07/02 17:47:25.343","-5.2574953720277815","true"
"34","Activity E","2018/07/02 17:48:25.343","2018/07/02 17:48:25.343","-5.2574953720277815","true"
"34","Activity H","2018/07/02 17:49:25.343","2018/07/02 17:49:25.343","-5.2574953720277815","true"
"34","Activity F","2018/07/02 17:50:25.343","2018/07/02 17:50:25.343","-5.2574953720277815","true"
"34","Activity E","2018/07/02 17:51:25.343","2018/07/02 17:51:25.343","-5.2574953720277815","true"
"34","Activity F","2018/07/02 17:52:25.343","2018/07/02 17:52:25.343","-5.2574953720277815","true"
"34","Activity E","2018/07/02 17:53:25.343","2018/07/02 17:53:25.343","-5.2574953720277815","true"
"34","Activity F","2018/07/02 17:54:25.343","2018/07/02 17:54:25.343","-5.2574953720277815","true"
"34","Activity E","2018/07/02 17:55:25.343","2018/07/02 17:55:25.343","-5.2574953720277815","true"
"34","Activity D","2018/07/02 17:56:25.343","2018/07/02 17:56:25.343","-5.2574953720277815","true"
"34","Activity G","2018/07/02 17:57:25.343","2018/07/02 17:57:25.343","-5.2574953720277815","true"
"34","Activity B","2018/07/02 17:59:25.343","2018/07/02 17:59:25.343","-5.2574953720277815","true"
"35","Activity A","2018/07/02 17:47:04.290","2018/07/02 17:47:04.290","-2.0794415416798357","true"
"35","Activity C","2018/07/02 17:49:04.290","2018/07/02 17:49:04.290","-2.0794415416798357","true"
"35","Activity H","2018/07/02 17:50:04.290","2018/07/02 17:50:04.290","-2.0794415416798357","true"
"35","Activity E","2018/07/02 17:51:04.290","2018/07/02 17:51:04.290","-2.0794415416798357","true"
"35","Activity D","2018/07/02 17:52:04.290","2018/07/02 17:52:04.290","-2.0794415416798357","true"
"35","Activity G","2018/07/02 17:53:04.290","2018/07/02 17:53:04.290","-2.0794415416798357","true"
"35","Activity B","2018/07/02 17:55:04.290","2018/07/02 17:55:04.290","-2.0794415416798357","true"
"36","Activity A","2018/07/02 17:47:38.542","2018/07/02 17:47:38.542","-1.3862943611198906","true"
"36","Activity H","2018/07/02 17:49:38.542","2018/07/02 17:49:38.542","-1.3862943611198906","true"
"36","Activity C","2018/07/02 17:50:38.542","2018/07/02 17:50:38.542","-1.3862943611198906","true"
"36","Activity E","2018/07/02 17:51:38.542","2018/07/02 17:51:38.542","-1.3862943611198906","true"
"36","Activity D","2018/07/02 17:52:38.542","2018/07/02 17:52:38.542","-1.3862943611198906","true"
"36","Activity G","2018/07/02 17:53:38.542","2018/07/02 17:53:38.542","-1.3862943611198906","true"
"36","Activity B","2018/07/02 17:55:38.542","2018/07/02 17:55:38.542","-1.3862943611198906","true"
"37","Activity A","2018/07/02 17:48:34.555","2018/07/02 17:48:34.555","-2.0794415416798357","true"
"37","Activity C","2018/07/02 17:50:34.555","2018/07/02 17:50:34.555","-2.0794415416798357","true"
"37","Activity H","2018/07/02 17:51:34.555","2018/07/02 17:51:34.555","-2.0794415416798357","true"
"37","Activity E","2018/07/02 17:52:34.555","2018/07/02 17:52:34.555","-2.0794415416798357","true"
"37","Activity D","2018/07/02 17:53:34.555","2018/07/02 17:53:34.555","-2.0794415416798357","true"
"37","Activity G","2018/07/02 17:54:34.555","2018/07/02 17:54:34.555","-2.0794415416798357","true"
"37","Activity B","2018/07/02 17:56:34.555","2018/07/02 17:56:34.555","-2.0794415416798357","true"
"38","Activity A","2018/07/02 17:49:40.853","2018/07/02 17:49:40.853","-4.564348191467836","true"
"38","Activity C","2018/07/02 17:51:40.853","2018/07/02 17:51:40.853","-4.564348191467836","true"
"38","Activity E","2018/07/02 17:52:40.853","2018/07/02 17:52:40.853","-4.564348191467836","true"
"38","Activity H","2018/07/02 17:53:40.853","2018/07/02 17:53:40.853","-4.564348191467836","true"
"38","Activity F","2018/07/02 17:54:40.853","2018/07/02 17:54:40.853","-4.564348191467836","true"
"38","Activity E","2018/07/02 17:55:40.853","2018/07/02 17:55:40.853","-4.564348191467836","true"
"38","Activity F","2018/07/02 17:56:40.853","2018/07/02 17:56:40.853","-4.564348191467836","true"
"38","Activity E","2018/07/02 17:57:40.853","2018/07/02 17:57:40.853","-4.564348191467836","true"
"38","Activity D","2018/07/02 17:58:40.853","2018/07/02 17:58:40.853","-4.564348191467836","true"
"38","Activity G","2018/07/02 17:59:40.853","2018/07/02 17:59:40.853","-4.564348191467836","true"
"38","Activity B","2018/07/02 18:01:40.853","2018/07/02 18:01:40.853","-4.564348191467836","true"
"39","Activity A","2018/07/02 17:49:46.029","2018/07/02 17:49:46.029","-2.0794415416798357","true"
"39","Activity H","2018/07/02 17:51:46.029","2018/07/02 17:51:46.029","-2.0794415416798357","true"
"39","Activity C","2018/07/02 17:52:46.029","2018/07/02 17:52:46.029","-2.0794415416798357","true"
"39","Activity E","2018/07/02 17:53:46.029","2018/07/02 17:53:46.029","-2.0794415416798357","true"
"39","Activity F","2018/07/02 17:54:46.029","2018/07/02 17:54:46.029","-2.0794415416798357","true"
"39","Activity E","2018/07/02 17:55:46.029","2018/07/02 17:55:46.029","-2.0794415416798357","true"
"39","Activity D","2018/07/02 17:56:46.029","2018/07/02 17:56:46.029","-2.0794415416798357","true"
"39","Activity G","2018/07/02 17:57:46.029","2018/07/02 17:57:46.029","-2.0794415416798357","true"
"39","Activity B","2018/07/02 17:59:46.029","2018/07/02 17:59:46.029","-2.0794415416798357","true"
"40","Activity A","2018/07/02 17:50:27.789","2018/07/02 17:50:27.789","-4.564348191467836","true"
"40","Activity C","2018/07/02 17:52:27.789","2018/07/02 17:52:27.789","-4.564348191467836","true"
"40","Activity E","2018/07/02 17:53:27.789","2018/07/02 17:53:27.789","-4.564348191467836","true"
"40","Activity F","2018/07/02 17:54:27.789","2018/07/02 17:54:27.789","-4.564348191467836","true"
"40","Activity H","2018/07/02 17:55:27.789","2018/07/02 17:55:27.789","-4.564348191467836","true"
"40","Activity E","2018/07/02 17:56:27.789","2018/07/02 17:56:27.789","-4.564348191467836","true"
"40","Activity F","2018/07/02 17:57:27.789","2018/07/02 17:57:27.789","-4.564348191467836","true"
"40","Activity E","2018/07/02 17:58:27.789","2018/07/02 17:58:27.789","-4.564348191467836","true"
"40","Activity D","2018/07/02 17:59:27.789","2018/07/02 17:59:27.789","-4.564348191467836","true"
"40","Activity G","2018/07/02 18:00:27.789","2018/07/02 18:00:27.789","-4.564348191467836","true"
"40","Activity B","2018/07/02 18:02:27.789","2018/07/02 18:02:27.789","-4.564348191467836","true"
"41","Activity A","2018/07/02 17:51:43.321","2018/07/02 17:51:43.321","-1.3862943611198906","true"
"41","Activity H","2018/07/02 17:53:43.321","2018/07/02 17:53:43.321","-1.3862943611198906","true"
"41","Activity C","2018/07/02 17:54:43.321","2018/07/02 17:54:43.321","-1.3862943611198906","true"
"41","Activity E","2018/07/02 17:55:43.321","2018/07/02 17:55:43.321","-1.3862943611198906","true"
"41","Activity D","2018/07/02 17:56:43.321","2018/07/02 17:56:43.321","-1.3862943611198906","true"
"41","Activity G","2018/07/02 17:57:43.321","2018/07/02 17:57:43.321","-1.3862943611198906","true"
"41","Activity B","2018/07/02 17:59:43.321","2018/07/02 17:59:43.321","-1.3862943611198906","true"
"42","Activity A","2018/07/02 17:52:46.456","2018/07/02 17:52:46.456","-3.4657359027997265","true"
"42","Activity H","2018/07/02 17:54:46.456","2018/07/02 17:54:46.456","-3.4657359027997265","true"
"42","Activity C","2018/07/02 17:55:46.456","2018/07/02 17:55:46.456","-3.4657359027997265","true"
"42","Activity E","2018/07/02 17:56:46.456","2018/07/02 17:56:46.456","-3.4657359027997265","true"
"42","Activity F","2018/07/02 17:57:46.456","2018/07/02 17:57:46.456","-3.4657359027997265","true"
"42","Activity E","2018/07/02 17:58:46.456","2018/07/02 17:58:46.456","-3.4657359027997265","true"
"42","Activity F","2018/07/02 17:59:46.456","2018/07/02 17:59:46.456","-3.4657359027997265","true"
"42","Activity E","2018/07/02 18:00:46.456","2018/07/02 18:00:46.456","-3.4657359027997265","true"
"42","Activity F","2018/07/02 18:01:46.456","2018/07/02 18:01:46.456","-3.4657359027997265","true"
"42","Activity E","2018/07/02 18:02:46.456","2018/07/02 18:02:46.456","-3.4657359027997265","true"
"42","Activity D","2018/07/02 18:03:46.456","2018/07/02 18:03:46.456","-3.4657359027997265","true"
"42","Activity G","2018/07/02 18:04:46.456","2018/07/02 18:04:46.456","-3.4657359027997265","true"
"42","Activity B","2018/07/02 18:06:46.456","2018/07/02 18:06:46.456","-3.4657359027997265","true"
"43","Activity A","2018/07/02 17:54:35.694","2018/07/02 17:54:35.694","-5.662960480135946","true"
"43","Activity C","2018/07/02 17:56:35.694","2018/07/02 17:56:35.694","-5.662960480135946","true"
"43","Activity E","2018/07/02 17:57:35.694","2018/07/02 17:57:35.694","-5.662960480135946","true"
"43","Activity F","2018/07/02 17:58:35.694","2018/07/02 17:58:35.694","-5.662960480135946","true"
"43","Activity E","2018/07/02 17:59:35.694","2018/07/02 17:59:35.694","-5.662960480135946","true"
"43","Activity H","2018/07/02 18:00:35.694","2018/07/02 18:00:35.694","-5.662960480135946","true"
"43","Activity F","2018/07/02 18:01:35.694","2018/07/02 18:01:35.694","-5.662960480135946","true"
"43","Activity E","2018/07/02 18:02:35.694","2018/07/02 18:02:35.694","-5.662960480135946","true"
"43","Activity D","2018/07/02 18:03:35.694","2018/07/02 18:03:35.694","-5.662960480135946","true"
"43","Activity G","2018/07/02 18:04:35.694","2018/07/02 18:04:35.694","-5.662960480135946","true"
"43","Activity B","2018/07/02 18:06:35.694","2018/07/02 18:06:35.694","-5.662960480135946","true"
"44","Activity A","2018/07/02 17:54:46.099","2018/07/02 17:54:46.099","-1.3862943611198906","true"
"44","Activity H","2018/07/02 17:56:46.099","2018/07/02 17:56:46.099","-1.3862943611198906","true"
"44","Activity C","2018/07/02 17:57:46.099","2018/07/02 17:57:46.099","-1.3862943611198906","true"
"44","Activity E","2018/07/02 17:58:46.099","2018/07/02 17:58:46.099","-1.3862943611198906","true"
"44","Activity D","2018/07/02 17:59:46.099","2018/07/02 17:59:46.099","-1.3862943611198906","true"
"44","Activity G","2018/07/02 18:00:46.099","2018/07/02 18:00:46.099","-1.3862943611198906","true"
"44","Activity B","2018/07/02 18:02:46.099","2018/07/02 18:02:46.099","-1.3862943611198906","true"
"45","Activity A","2018/07/02 17:55:37.888","2018/07/02 17:55:37.888","-3.1780538303479458","true"
"45","Activity C","2018/07/02 17:57:37.888","2018/07/02 17:57:37.888","-3.1780538303479458","true"
"45","Activity E","2018/07/02 17:58:37.888","2018/07/02 17:58:37.888","-3.1780538303479458","true"
"45","Activity D","2018/07/02 17:59:37.888","2018/07/02 17:59:37.888","-3.1780538303479458","true"
"45","Activity G","2018/07/02 18:00:37.888","2018/07/02 18:00:37.888","-3.1780538303479458","true"
"45","Activity H","2018/07/02 18:01:37.888","2018/07/02 18:01:37.888","-3.1780538303479458","true"
"45","Activity B","2018/07/02 18:03:37.888","2018/07/02 18:03:37.888","-3.1780538303479458","true"
"46","Activity A","2018/07/02 17:56:02.151","2018/07/02 17:56:02.151","-1.3862943611198906","true"
"46","Activity H","2018/07/02 17:58:02.151","2018/07/02 17:58:02.151","-1.3862943611198906","true"
"46","Activity C","2018/07/02 17:59:02.151","2018/07/02 17:59:02.151","-1.3862943611198906","true"
"46","Activity E","2018/07/02 18:00:02.151","2018/07/02 18:00:02.151","-1.3862943611198906","true"
"46","Activity D","2018/07/02 18:01:02.151","2018/07/02 18:01:02.151","-1.3862943611198906","true"
"46","Activity G","2018/07/02 18:02:02.151","2018/07/02 18:02:02.151","-1.3862943611198906","true"
"46","Activity B","2018/07/02 18:04:02.151","2018/07/02 18:04:02.151","-1.3862943611198906","true"
"47","Activity A","2018/07/02 17:56:57.998","2018/07/02 17:56:57.998","-1.3862943611198906","true"
"47","Activity H","2018/07/02 17:58:57.998","2018/07/02 17:58:57.998","-1.3862943611198906","true"
"47","Activity C","2018/07/02 17:59:57.998","2018/07/02 17:59:57.998","-1.3862943611198906","true"
"47","Activity E","2018/07/02 18:00:57.998","2018/07/02 18:00:57.998","-1.3862943611198906","true"
"47","Activity D","2018/07/02 18:01:57.998","2018/07/02 18:01:57.998","-1.3862943611198906","true"
"47","Activity G","2018/07/02 18:02:57.998","2018/07/02 18:02:57.998","-1.3862943611198906","true"
"47","Activity B","2018/07/02 18:04:57.998","2018/07/02 18:04:57.998","-1.3862943611198906","true"
"48","Activity A","2018/07/02 17:57:29.943","2018/07/02 17:57:29.943","-3.1780538303479458","true"
"48","Activity C","2018/07/02 17:59:29.943","2018/07/02 17:59:29.943","-3.1780538303479458","true"
"48","Activity E","2018/07/02 18:00:29.943","2018/07/02 18:00:29.943","-3.1780538303479458","true"
"48","Activity D","2018/07/02 18:01:29.943","2018/07/02 18:01:29.943","-3.1780538303479458","true"
"48","Activity H","2018/07/02 18:02:29.943","2018/07/02 18:02:29.943","-3.1780538303479458","true"
"48","Activity G","2018/07/02 18:03:29.943","2018/07/02 18:03:29.943","-3.1780538303479458","true"
"48","Activity B","2018/07/02 18:05:29.943","2018/07/02 18:05:29.943","-3.1780538303479458","true"
"49","Activity A","2018/07/02 17:58:39.572","2018/07/02 17:58:39.572","-2.0794415416798357","true"
"49","Activity C","2018/07/02 18:00:39.572","2018/07/02 18:00:39.572","-2.0794415416798357","true"
"49","Activity H","2018/07/02 18:01:39.572","2018/07/02 18:01:39.572","-2.0794415416798357","true"
"49","Activity E","2018/07/02 18:02:39.572","2018/07/02 18:02:39.572","-2.0794415416798357","true"
"49","Activity D","2018/07/02 18:03:39.572","2018/07/02 18:03:39.572","-2.0794415416798357","true"
"49","Activity G","2018/07/02 18:04:39.572","2018/07/02 18:04:39.572","-2.0794415416798357","true"
"49","Activity B","2018/07/02 18:06:39.572","2018/07/02 18:06:39.572","-2.0794415416798357","true"
"50","Activity A","2018/07/02 17:58:39.582","2018/07/02 17:58:39.582","-1.3862943611198906","true"
"50","Activity H","2018/07/02 18:00:39.582","2018/07/02 18:00:39.582","-1.3862943611198906","true"
"50","Activity C","2018/07/02 18:01:39.582","2018/07/02 18:01:39.582","-1.3862943611198906","true"
"50","Activity E","2018/07/02 18:02:39.582","2018/07/02 18:02:39.582","-1.3862943611198906","true"
"50","Activity D","2018/07/02 18:03:39.582","2018/07/02 18:03:39.582","-1.3862943611198906","true"
"50","Activity G","2018/07/02 18:04:39.582","2018/07/02 18:04:39.582","-1.3862943611198906","true"
"50","Activity B","2018/07/02 18:06:39.582","2018/07/02 18:06:39.582","-1.3862943611198906","true"
"51","Activity A","2018/07/02 18:01:39.928","2018/07/02 18:01:39.928","-1.3862943611198906","true"
"51","Activity H","2018/07/02 18:03:39.928","2018/07/02 18:03:39.928","-1.3862943611198906","true"
"51","Activity C","2018/07/02 18:04:39.928","2018/07/02 18:04:39.928","-1.3862943611198906","true"
"51","Activity E","2018/07/02 18:05:39.928","2018/07/02 18:05:39.928","-1.3862943611198906","true"
"51","Activity D","2018/07/02 18:06:39.928","2018/07/02 18:06:39.928","-1.3862943611198906","true"
"51","Activity G","2018/07/02 18:07:39.928","2018/07/02 18:07:39.928","-1.3862943611198906","true"
"51","Activity B","2018/07/02 18:09:39.928","2018/07/02 18:09:39.928","-1.3862943611198906","true"
"52","Activity A","2018/07/02 18:02:47.907","2018/07/02 18:02:47.907","-2.772588722239781","true"
"52","Activity C","2018/07/02 18:04:47.907","2018/07/02 18:04:47.907","-2.772588722239781","true"
"52","Activity H","2018/07/02 18:05:47.907","2018/07/02 18:05:47.907","-2.772588722239781","true"
"52","Activity E","2018/07/02 18:06:47.907","2018/07/02 18:06:47.907","-2.772588722239781","true"
"52","Activity F","2018/07/02 18:07:47.907","2018/07/02 18:07:47.907","-2.772588722239781","true"
"52","Activity E","2018/07/02 18:08:47.907","2018/07/02 18:08:47.907","-2.772588722239781","true"
"52","Activity D","2018/07/02 18:09:47.907","2018/07/02 18:09:47.907","-2.772588722239781","true"
"52","Activity G","2018/07/02 18:10:47.907","2018/07/02 18:10:47.907","-2.772588722239781","true"
"52","Activity B","2018/07/02 18:12:47.907","2018/07/02 18:12:47.907","-2.772588722239781","true"
"53","Activity A","2018/07/02 18:03:28.506","2018/07/02 18:03:28.506","-1.3862943611198906","true"
"53","Activity H","2018/07/02 18:05:28.506","2018/07/02 18:05:28.506","-1.3862943611198906","true"
"53","Activity C","2018/07/02 18:06:28.506","2018/07/02 18:06:28.506","-1.3862943611198906","true"
"53","Activity E","2018/07/02 18:07:28.506","2018/07/02 18:07:28.506","-1.3862943611198906","true"
"53","Activity D","2018/07/02 18:08:28.506","2018/07/02 18:08:28.506","-1.3862943611198906","true"
"53","Activity G","2018/07/02 18:09:28.506","2018/07/02 18:09:28.506","-1.3862943611198906","true"
"53","Activity B","2018/07/02 18:11:28.506","2018/07/02 18:11:28.506","-1.3862943611198906","true"
"54","Activity A","2018/07/02 18:03:36.650","2018/07/02 18:03:36.650","-2.772588722239781","true"
"54","Activity C","2018/07/02 18:05:36.650","2018/07/02 18:05:36.650","-2.772588722239781","true"
"54","Activity H","2018/07/02 18:06:36.650","2018/07/02 18:06:36.650","-2.772588722239781","true"
"54","Activity E","2018/07/02 18:07:36.650","2018/07/02 18:07:36.650","-2.772588722239781","true"
"54","Activity F","2018/07/02 18:08:36.650","2018/07/02 18:08:36.650","-2.772588722239781","true"
"54","Activity E","2018/07/02 18:09:36.650","2018/07/02 18:09:36.650","-2.772588722239781","true"
"54","Activity D","2018/07/02 18:10:36.650","2018/07/02 18:10:36.650","-2.772588722239781","true"
"54","Activity G","2018/07/02 18:11:36.650","2018/07/02 18:11:36.650","-2.772588722239781","true"
"54","Activity B","2018/07/02 18:13:36.650","2018/07/02 18:13:36.650","-2.772588722239781","true"
"55","Activity A","2018/07/02 18:07:15.636","2018/07/02 18:07:15.636","-4.852030263919617","true"
"55","Activity C","2018/07/02 18:09:15.636","2018/07/02 18:09:15.636","-4.852030263919617","true"
"55","Activity H","2018/07/02 18:10:15.636","2018/07/02 18:10:15.636","-4.852030263919617","true"
"55","Activity E","2018/07/02 18:11:15.636","2018/07/02 18:11:15.636","-4.852030263919617","true"
"55","Activity F","2018/07/02 18:12:15.636","2018/07/02 18:12:15.636","-4.852030263919617","true"
"55","Activity E","2018/07/02 18:13:15.636","2018/07/02 18:13:15.636","-4.852030263919617","true"
"55","Activity F","2018/07/02 18:14:15.636","2018/07/02 18:14:15.636","-4.852030263919617","true"
"55","Activity E","2018/07/02 18:15:15.636","2018/07/02 18:15:15.636","-4.852030263919617","true"
"55","Activity F","2018/07/02 18:16:15.636","2018/07/02 18:16:15.636","-4.852030263919617","true"
"55","Activity E","2018/07/02 18:17:15.636","2018/07/02 18:17:15.636","-4.852030263919617","true"
"55","Activity F","2018/07/02 18:18:15.636","2018/07/02 18:18:15.636","-4.852030263919617","true"
"55","Activity E","2018/07/02 18:19:15.636","2018/07/02 18:19:15.636","-4.852030263919617","true"
"55","Activity D","2018/07/02 18:20:15.636","2018/07/02 18:20:15.636","-4.852030263919617","true"
"55","Activity G","2018/07/02 18:21:15.636","2018/07/02 18:21:15.636","-4.852030263919617","true"
"55","Activity B","2018/07/02 18:23:15.636","2018/07/02 18:23:15.636","-4.852030263919617","true"
"56","Activity A","2018/07/02 18:07:30.520","2018/07/02 18:07:30.520","-2.0794415416798357","true"
"56","Activity H","2018/07/02 18:09:30.520","2018/07/02 18:09:30.520","-2.0794415416798357","true"
"56","Activity C","2018/07/02 18:10:30.520","2018/07/02 18:10:30.520","-2.0794415416798357","true"
"56","Activity E","2018/07/02 18:11:30.520","2018/07/02 18:11:30.520","-2.0794415416798357","true"
"56","Activity F","2018/07/02 18:12:30.520","2018/07/02 18:12:30.520","-2.0794415416798357","true"
"56","Activity E","2018/07/02 18:13:30.520","2018/07/02 18:13:30.520","-2.0794415416798357","true"
"56","Activity D","2018/07/02 18:14:30.520","2018/07/02 18:14:30.520","-2.0794415416798357","true"
"56","Activity G","2018/07/02 18:15:30.520","2018/07/02 18:15:30.520","-2.0794415416798357","true"
"56","Activity B","2018/07/02 18:17:30.520","2018/07/02 18:17:30.520","-2.0794415416798357","true"
"57","Activity A","2018/07/02 18:07:41.501","2018/07/02 18:07:41.501","-2.772588722239781","true"
"57","Activity H","2018/07/02 18:09:41.501","2018/07/02 18:09:41.501","-2.772588722239781","true"
"57","Activity C","2018/07/02 18:10:41.501","2018/07/02 18:10:41.501","-2.772588722239781","true"
"57","Activity E","2018/07/02 18:11:41.501","2018/07/02 18:11:41.501","-2.772588722239781","true"
"57","Activity F","2018/07/02 18:12:41.501","2018/07/02 18:12:41.501","-2.772588722239781","true"
"57","Activity E","2018/07/02 18:13:41.501","2018/07/02 18:13:41.501","-2.772588722239781","true"
"57","Activity F","2018/07/02 18:14:41.501","2018/07/02 18:14:41.501","-2.772588722239781","true"
"57","Activity E","2018/07/02 18:15:41.501","2018/07/02 18:15:41.501","-2.772588722239781","true"
"57","Activity D","2018/07/02 18:16:41.501","2018/07/02 18:16:41.501","-2.772588722239781","true"
"57","Activity G","2018/07/02 18:17:41.501","2018/07/02 18:17:41.501","-2.772588722239781","true"
"57","Activity B","2018/07/02 18:19:41.501","2018/07/02 18:19:41.501","-2.772588722239781","true"
"58","Activity A","2018/07/02 18:09:51.457","2018/07/02 18:09:51.457","-4.969813299576001","true"
"58","Activity C","2018/07/02 18:11:51.457","2018/07/02 18:11:51.457","-4.969813299576001","true"
"58","Activity E","2018/07/02 18:12:51.457","2018/07/02 18:12:51.457","-4.969813299576001","true"
"58","Activity F","2018/07/02 18:13:51.457","2018/07/02 18:13:51.457","-4.969813299576001","true"
"58","Activity E","2018/07/02 18:14:51.457","2018/07/02 18:14:51.457","-4.969813299576001","true"
"58","Activity H","2018/07/02 18:15:51.457","2018/07/02 18:15:51.457","-4.969813299576001","true"
"58","Activity D","2018/07/02 18:16:51.457","2018/07/02 18:16:51.457","-4.969813299576001","true"
"58","Activity G","2018/07/02 18:17:51.457","2018/07/02 18:17:51.457","-4.969813299576001","true"
"58","Activity B","2018/07/02 18:19:51.457","2018/07/02 18:19:51.457","-4.969813299576001","true"
"59","Activity A","2018/07/02 18:10:06.956","2018/07/02 18:10:06.956","-1.3862943611198906","true"
"59","Activity H","2018/07/02 18:12:06.956","2018/07/02 18:12:06.956","-1.3862943611198906","true"
"59","Activity C","2018/07/02 18:13:06.956","2018/07/02 18:13:06.956","-1.3862943611198906","true"
"59","Activity E","2018/07/02 18:14:06.956","2018/07/02 18:14:06.956","-1.3862943611198906","true"
"59","Activity D","2018/07/02 18:15:06.956","2018/07/02 18:15:06.956","-1.3862943611198906","true"
"59","Activity G","2018/07/02 18:16:06.956","2018/07/02 18:16:06.956","-1.3862943611198906","true"
"59","Activity B","2018/07/02 18:18:06.956","2018/07/02 18:18:06.956","-1.3862943611198906","true"
"60","Activity A","2018/07/02 18:11:59.949","2018/07/02 18:11:59.949","-5.662960480135946","true"
"60","Activity C","2018/07/02 18:13:59.949","2018/07/02 18:13:59.949","-5.662960480135946","true"
"60","Activity E","2018/07/02 18:14:59.949","2018/07/02 18:14:59.949","-5.662960480135946","true"
"60","Activity F","2018/07/02 18:15:59.949","2018/07/02 18:15:59.949","-5.662960480135946","true"
"60","Activity E","2018/07/02 18:16:59.949","2018/07/02 18:16:59.949","-5.662960480135946","true"
"60","Activity F","2018/07/02 18:17:59.949","2018/07/02 18:17:59.949","-5.662960480135946","true"
"60","Activity H","2018/07/02 18:18:59.949","2018/07/02 18:18:59.949","-5.662960480135946","true"
"60","Activity E","2018/07/02 18:19:59.949","2018/07/02 18:19:59.949","-5.662960480135946","true"
"60","Activity D","2018/07/02 18:20:59.949","2018/07/02 18:20:59.949","-5.662960480135946","true"
"60","Activity G","2018/07/02 18:21:59.949","2018/07/02 18:21:59.949","-5.662960480135946","true"
"60","Activity B","2018/07/02 18:23:59.949","2018/07/02 18:23:59.949","-5.662960480135946","true"
"61","Activity A","2018/07/02 18:12:23.407","2018/07/02 18:12:23.407","-4.969813299576001","true"
"61","Activity C","2018/07/02 18:14:23.407","2018/07/02 18:14:23.407","-4.969813299576001","true"
"61","Activity E","2018/07/02 18:15:23.407","2018/07/02 18:15:23.407","-4.969813299576001","true"
"61","Activity F","2018/07/02 18:16:23.407","2018/07/02 18:16:23.407","-4.969813299576001","true"
"61","Activity E","2018/07/02 18:17:23.407","2018/07/02 18:17:23.407","-4.969813299576001","true"
"61","Activity H","2018/07/02 18:18:23.407","2018/07/02 18:18:23.407","-4.969813299576001","true"
"61","Activity D","2018/07/02 18:19:23.407","2018/07/02 18:19:23.407","-4.969813299576001","true"
"61","Activity G","2018/07/02 18:20:23.407","2018/07/02 18:20:23.407","-4.969813299576001","true"
"61","Activity B","2018/07/02 18:22:23.407","2018/07/02 18:22:23.407","-4.969813299576001","true"
"62","Activity A","2018/07/02 18:12:56.845","2018/07/02 18:12:56.845","-2.0794415416798357","true"
"62","Activity C","2018/07/02 18:14:56.845","2018/07/02 18:14:56.845","-2.0794415416798357","true"
"62","Activity H","2018/07/02 18:15:56.845","2018/07/02 18:15:56.845","-2.0794415416798357","true"
"62","Activity E","2018/07/02 18:16:56.845","2018/07/02 18:16:56.845","-2.0794415416798357","true"
"62","Activity D","2018/07/02 18:17:56.845","2018/07/02 18:17:56.845","-2.0794415416798357","true"
"62","Activity G","2018/07/02 18:18:56.845","2018/07/02 18:18:56.845","-2.0794415416798357","true"
"62","Activity B","2018/07/02 18:20:56.845","2018/07/02 18:20:56.845","-2.0794415416798357","true"
"63","Activity A","2018/07/02 18:13:26.059","2018/07/02 18:13:26.059","-3.1780538303479458","true"
"63","Activity C","2018/07/02 18:15:26.059","2018/07/02 18:15:26.059","-3.1780538303479458","true"
"63","Activity E","2018/07/02 18:16:26.059","2018/07/02 18:16:26.059","-3.1780538303479458","true"
"63","Activity D","2018/07/02 18:17:26.059","2018/07/02 18:17:26.059","-3.1780538303479458","true"
"63","Activity H","2018/07/02 18:18:26.059","2018/07/02 18:18:26.059","-3.1780538303479458","true"
"63","Activity G","2018/07/02 18:19:26.059","2018/07/02 18:19:26.059","-3.1780538303479458","true"
"63","Activity B","2018/07/02 18:21:26.059","2018/07/02 18:21:26.059","-3.1780538303479458","true"
"64","Activity A","2018/07/02 18:13:50.501","2018/07/02 18:13:50.501","-6.931471805599453","true"
"64","Activity H","2018/07/02 18:15:50.501","2018/07/02 18:15:50.501","-6.931471805599453","true"
"64","Activity C","2018/07/02 18:16:50.501","2018/07/02 18:16:50.501","-6.931471805599453","true"
"64","Activity E","2018/07/02 18:17:50.501","2018/07/02 18:17:50.501","-6.931471805599453","true"
"64","Activity F","2018/07/02 18:18:50.501","2018/07/02 18:18:50.501","-6.931471805599453","true"
"64","Activity E","2018/07/02 18:19:50.501","2018/07/02 18:19:50.501","-6.931471805599453","true"
"64","Activity F","2018/07/02 18:20:50.501","2018/07/02 18:20:50.501","-6.931471805599453","true"
"64","Activity E","2018/07/02 18:21:50.501","2018/07/02 18:21:50.501","-6.931471805599453","true"
"64","Activity F","2018/07/02 18:22:50.501","2018/07/02 18:22:50.501","-6.931471805599453","true"
"64","Activity E","2018/07/02 18:23:50.501","2018/07/02 18:23:50.501","-6.931471805599453","true"
"64","Activity F","2018/07/02 18:24:50.501","2018/07/02 18:24:50.501","-6.931471805599453","true"
"64","Activity E","2018/07/02 18:25:50.501","2018/07/02 18:25:50.501","-6.931471805599453","true"
"64","Activity F","2018/07/02 18:26:50.501","2018/07/02 18:26:50.501","-6.931471805599453","true"
"64","Activity E","2018/07/02 18:27:50.501","2018/07/02 18:27:50.501","-6.931471805599453","true"
"64","Activity F","2018/07/02 18:28:50.501","2018/07/02 18:28:50.501","-6.931471805599453","true"
"64","Activity E","2018/07/02 18:29:50.501","2018/07/02 18:29:50.501","-6.931471805599453","true"
"64","Activity F","2018/07/02 18:30:50.501","2018/07/02 18:30:50.501","-6.931471805599453","true"
"64","Activity E","2018/07/02 18:31:50.501","2018/07/02 18:31:50.501","-6.931471805599453","true"
"64","Activity F","2018/07/02 18:32:50.501","2018/07/02 18:32:50.501","-6.931471805599453","true"
"64","Activity E","2018/07/02 18:33:50.501","2018/07/02 18:33:50.501","-6.931471805599453","true"
"64","Activity D","2018/07/02 18:34:50.501","2018/07/02 18:34:50.501","-6.931471805599453","true"
"64","Activity G","2018/07/02 18:35:50.501","2018/07/02 18:35:50.501","-6.931471805599453","true"
"64","Activity B","2018/07/02 18:37:50.501","2018/07/02 18:37:50.501","-6.931471805599453","true"
"65","Activity A","2018/07/02 18:14:04.475","2018/07/02 18:14:04.475","-1.3862943611198906","true"
"65","Activity H","2018/07/02 18:16:04.475","2018/07/02 18:16:04.475","-1.3862943611198906","true"
"65","Activity C","2018/07/02 18:17:04.475","2018/07/02 18:17:04.475","-1.3862943611198906","true"
"65","Activity E","2018/07/02 18:18:04.475","2018/07/02 18:18:04.475","-1.3862943611198906","true"
"65","Activity D","2018/07/02 18:19:04.475","2018/07/02 18:19:04.475","-1.3862943611198906","true"
"65","Activity G","2018/07/02 18:20:04.475","2018/07/02 18:20:04.475","-1.3862943611198906","true"
"65","Activity B","2018/07/02 18:22:04.475","2018/07/02 18:22:04.475","-1.3862943611198906","true"
"66","Activity A","2018/07/02 18:14:28.442","2018/07/02 18:14:28.442","-3.871201010907891","true"
"66","Activity C","2018/07/02 18:16:28.442","2018/07/02 18:16:28.442","-3.871201010907891","true"
"66","Activity E","2018/07/02 18:17:28.442","2018/07/02 18:17:28.442","-3.871201010907891","true"
"66","Activity H","2018/07/02 18:18:28.442","2018/07/02 18:18:28.442","-3.871201010907891","true"
"66","Activity F","2018/07/02 18:19:28.442","2018/07/02 18:19:28.442","-3.871201010907891","true"
"66","Activity E","2018/07/02 18:20:28.442","2018/07/02 18:20:28.442","-3.871201010907891","true"
"66","Activity D","2018/07/02 18:21:28.442","2018/07/02 18:21:28.442","-3.871201010907891","true"
"66","Activity G","2018/07/02 18:22:28.442","2018/07/02 18:22:28.442","-3.871201010907891","true"
"66","Activity B","2018/07/02 18:24:28.442","2018/07/02 18:24:28.442","-3.871201010907891","true"
"67","Activity A","2018/07/02 18:16:09.765","2018/07/02 18:16:09.765","-2.0794415416798357","true"
"67","Activity C","2018/07/02 18:18:09.765","2018/07/02 18:18:09.765","-2.0794415416798357","true"
"67","Activity H","2018/07/02 18:19:09.765","2018/07/02 18:19:09.765","-2.0794415416798357","true"
"67","Activity E","2018/07/02 18:20:09.765","2018/07/02 18:20:09.765","-2.0794415416798357","true"
"67","Activity D","2018/07/02 18:21:09.765","2018/07/02 18:21:09.765","-2.0794415416798357","true"
"67","Activity G","2018/07/02 18:22:09.765","2018/07/02 18:22:09.765","-2.0794415416798357","true"
"67","Activity B","2018/07/02 18:24:09.765","2018/07/02 18:24:09.765","-2.0794415416798357","true"
"68","Activity A","2018/07/02 18:17:32.120","2018/07/02 18:17:32.120","-3.4657359027997265","true"
"68","Activity H","2018/07/02 18:19:32.120","2018/07/02 18:19:32.120","-3.4657359027997265","true"
"68","Activity C","2018/07/02 18:20:32.120","2018/07/02 18:20:32.120","-3.4657359027997265","true"
"68","Activity E","2018/07/02 18:21:32.120","2018/07/02 18:21:32.120","-3.4657359027997265","true"
"68","Activity F","2018/07/02 18:22:32.120","2018/07/02 18:22:32.120","-3.4657359027997265","true"
"68","Activity E","2018/07/02 18:23:32.120","2018/07/02 18:23:32.120","-3.4657359027997265","true"
"68","Activity F","2018/07/02 18:24:32.120","2018/07/02 18:24:32.120","-3.4657359027997265","true"
"68","Activity E","2018/07/02 18:25:32.120","2018/07/02 18:25:32.120","-3.4657359027997265","true"
"68","Activity F","2018/07/02 18:26:32.120","2018/07/02 18:26:32.120","-3.4657359027997265","true"
"68","Activity E","2018/07/02 18:27:32.120","2018/07/02 18:27:32.120","-3.4657359027997265","true"
"68","Activity D","2018/07/02 18:28:32.120","2018/07/02 18:28:32.120","-3.4657359027997265","true"
"68","Activity G","2018/07/02 18:29:32.120","2018/07/02 18:29:32.120","-3.4657359027997265","true"
"68","Activity B","2018/07/02 18:31:32.120","2018/07/02 18:31:32.120","-3.4657359027997265","true"
"69","Activity A","2018/07/02 18:17:37.173","2018/07/02 18:17:37.173","-1.3862943611198906","true"
"69","Activity H","2018/07/02 18:19:37.173","2018/07/02 18:19:37.173","-1.3862943611198906","true"
"69","Activity C","2018/07/02 18:20:37.173","2018/07/02 18:20:37.173","-1.3862943611198906","true"
"69","Activity E","2018/07/02 18:21:37.173","2018/07/02 18:21:37.173","-1.3862943611198906","true"
"69","Activity D","2018/07/02 18:22:37.173","2018/07/02 18:22:37.173","-1.3862943611198906","true"
"69","Activity G","2018/07/02 18:23:37.173","2018/07/02 18:23:37.173","-1.3862943611198906","true"
"69","Activity B","2018/07/02 18:25:37.173","2018/07/02 18:25:37.173","-1.3862943611198906","true"
"70","Activity A","2018/07/02 18:18:09.894","2018/07/02 18:18:09.894","-1.3862943611198906","true"
"70","Activity H","2018/07/02 18:20:09.894","2018/07/02 18:20:09.894","-1.3862943611198906","true"
"70","Activity C","2018/07/02 18:21:09.894","2018/07/02 18:21:09.894","-1.3862943611198906","true"
"70","Activity E","2018/07/02 18:22:09.894","2018/07/02 18:22:09.894","-1.3862943611198906","true"
"70","Activity D","2018/07/02 18:23:09.894","2018/07/02 18:23:09.894","-1.3862943611198906","true"
"70","Activity G","2018/07/02 18:24:09.894","2018/07/02 18:24:09.894","-1.3862943611198906","true"
"70","Activity B","2018/07/02 18:26:09.894","2018/07/02 18:26:09.894","-1.3862943611198906","true"
"71","Activity A","2018/07/02 18:20:23.305","2018/07/02 18:20:23.305","-3.1780538303479458","true"
"71","Activity C","2018/07/02 18:22:23.305","2018/07/02 18:22:23.305","-3.1780538303479458","true"
"71","Activity E","2018/07/02 18:23:23.305","2018/07/02 18:23:23.305","-3.1780538303479458","true"
"71","Activity D","2018/07/02 18:24:23.305","2018/07/02 18:24:23.305","-3.1780538303479458","true"
"71","Activity G","2018/07/02 18:25:23.305","2018/07/02 18:25:23.305","-3.1780538303479458","true"
"71","Activity H","2018/07/02 18:26:23.305","2018/07/02 18:26:23.305","-3.1780538303479458","true"
"71","Activity B","2018/07/02 18:28:23.305","2018/07/02 18:28:23.305","-3.1780538303479458","true"
"72","Activity A","2018/07/02 18:21:20.254","2018/07/02 18:21:20.254","-2.0794415416798357","true"
"72","Activity C","2018/07/02 18:23:20.254","2018/07/02 18:23:20.254","-2.0794415416798357","true"
"72","Activity H","2018/07/02 18:24:20.254","2018/07/02 18:24:20.254","-2.0794415416798357","true"
"72","Activity E","2018/07/02 18:25:20.254","2018/07/02 18:25:20.254","-2.0794415416798357","true"
"72","Activity D","2018/07/02 18:26:20.254","2018/07/02 18:26:20.254","-2.0794415416798357","true"
"72","Activity G","2018/07/02 18:27:20.254","2018/07/02 18:27:20.254","-2.0794415416798357","true"
"72","Activity B","2018/07/02 18:29:20.254","2018/07/02 18:29:20.254","-2.0794415416798357","true"
"73","Activity A","2018/07/02 18:22:00.566","2018/07/02 18:22:00.566","-1.3862943611198906","true"
"73","Activity H","2018/07/02 18:24:00.566","2018/07/02 18:24:00.566","-1.3862943611198906","true"
"73","Activity C","2018/07/02 18:25:00.566","2018/07/02 18:25:00.566","-1.3862943611198906","true"
"73","Activity E","2018/07/02 18:26:00.566","2018/07/02 18:26:00.566","-1.3862943611198906","true"
"73","Activity D","2018/07/02 18:27:00.566","2018/07/02 18:27:00.566","-1.3862943611198906","true"
"73","Activity G","2018/07/02 18:28:00.566","2018/07/02 18:28:00.566","-1.3862943611198906","true"
"73","Activity B","2018/07/02 18:30:00.566","2018/07/02 18:30:00.566","-1.3862943611198906","true"
"74","Activity A","2018/07/02 18:22:23.317","2018/07/02 18:22:23.317","-3.1780538303479458","true"
"74","Activity C","2018/07/02 18:24:23.317","2018/07/02 18:24:23.317","-3.1780538303479458","true"
"74","Activity E","2018/07/02 18:25:23.317","2018/07/02 18:25:23.317","-3.1780538303479458","true"
"74","Activity H","2018/07/02 18:26:23.317","2018/07/02 18:26:23.317","-3.1780538303479458","true"
"74","Activity D","2018/07/02 18:27:23.317","2018/07/02 18:27:23.317","-3.1780538303479458","true"
"74","Activity G","2018/07/02 18:28:23.317","2018/07/02 18:28:23.317","-3.1780538303479458","true"
"74","Activity B","2018/07/02 18:30:23.317","2018/07/02 18:30:23.317","-3.1780538303479458","true"
"75","Activity A","2018/07/02 18:25:51.397","2018/07/02 18:25:51.397","-5.950642552587727","true"
"75","Activity C","2018/07/02 18:27:51.397","2018/07/02 18:27:51.397","-5.950642552587727","true"
"75","Activity E","2018/07/02 18:28:51.397","2018/07/02 18:28:51.397","-5.950642552587727","true"
"75","Activity F","2018/07/02 18:29:51.397","2018/07/02 18:29:51.397","-5.950642552587727","true"
"75","Activity H","2018/07/02 18:30:51.397","2018/07/02 18:30:51.397","-5.950642552587727","true"
"75","Activity E","2018/07/02 18:31:51.397","2018/07/02 18:31:51.397","-5.950642552587727","true"
"75","Activity F","2018/07/02 18:32:51.397","2018/07/02 18:32:51.397","-5.950642552587727","true"
"75","Activity E","2018/07/02 18:33:51.397","2018/07/02 18:33:51.397","-5.950642552587727","true"
"75","Activity F","2018/07/02 18:34:51.397","2018/07/02 18:34:51.397","-5.950642552587727","true"
"75","Activity E","2018/07/02 18:35:51.397","2018/07/02 18:35:51.397","-5.950642552587727","true"
"75","Activity F","2018/07/02 18:36:51.397","2018/07/02 18:36:51.397","-5.950642552587727","true"
"75","Activity E","2018/07/02 18:37:51.397","2018/07/02 18:37:51.397","-5.950642552587727","true"
"75","Activity D","2018/07/02 18:38:51.397","2018/07/02 18:38:51.397","-5.950642552587727","true"
"75","Activity G","2018/07/02 18:39:51.397","2018/07/02 18:39:51.397","-5.950642552587727","true"
"75","Activity B","2018/07/02 18:41:51.397","2018/07/02 18:41:51.397","-5.950642552587727","true"
"76","Activity A","2018/07/02 18:27:59.612","2018/07/02 18:27:59.612","-2.0794415416798357","true"
"76","Activity C","2018/07/02 18:29:59.612","2018/07/02 18:29:59.612","-2.0794415416798357","true"
"76","Activity H","2018/07/02 18:30:59.612","2018/07/02 18:30:59.612","-2.0794415416798357","true"
"76","Activity E","2018/07/02 18:31:59.612","2018/07/02 18:31:59.612","-2.0794415416798357","true"
"76","Activity D","2018/07/02 18:32:59.612","2018/07/02 18:32:59.612","-2.0794415416798357","true"
"76","Activity G","2018/07/02 18:33:59.612","2018/07/02 18:33:59.612","-2.0794415416798357","true"
"76","Activity B","2018/07/02 18:35:59.612","2018/07/02 18:35:59.612","-2.0794415416798357","true"
"77","Activity A","2018/07/02 18:28:03.762","2018/07/02 18:28:03.762","-1.3862943611198906","true"
"77","Activity H","2018/07/02 18:30:03.762","2018/07/02 18:30:03.762","-1.3862943611198906","true"
"77","Activity C","2018/07/02 18:31:03.762","2018/07/02 18:31:03.762","-1.3862943611198906","true"
"77","Activity E","2018/07/02 18:32:03.762","2018/07/02 18:32:03.762","-1.3862943611198906","true"
"77","Activity D","2018/07/02 18:33:03.762","2018/07/02 18:33:03.762","-1.3862943611198906","true"
"77","Activity G","2018/07/02 18:34:03.762","2018/07/02 18:34:03.762","-1.3862943611198906","true"
"77","Activity B","2018/07/02 18:36:03.762","2018/07/02 18:36:03.762","-1.3862943611198906","true"
"78","Activity A","2018/07/02 18:28:10.078","2018/07/02 18:28:10.078","-4.969813299576001","true"
"78","Activity C","2018/07/02 18:30:10.078","2018/07/02 18:30:10.078","-4.969813299576001","true"
"78","Activity E","2018/07/02 18:31:10.078","2018/07/02 18:31:10.078","-4.969813299576001","true"
"78","Activity F","2018/07/02 18:32:10.078","2018/07/02 18:32:10.078","-4.969813299576001","true"
"78","Activity E","2018/07/02 18:33:10.078","2018/07/02 18:33:10.078","-4.969813299576001","true"
"78","Activity D","2018/07/02 18:34:10.078","2018/07/02 18:34:10.078","-4.969813299576001","true"
"78","Activity G","2018/07/02 18:35:10.078","2018/07/02 18:35:10.078","-4.969813299576001","true"
"78","Activity H","2018/07/02 18:36:10.078","2018/07/02 18:36:10.078","-4.969813299576001","true"
"78","Activity B","2018/07/02 18:38:10.078","2018/07/02 18:38:10.078","-4.969813299576001","true"
"79","Activity A","2018/07/02 18:29:26.261","2018/07/02 18:29:26.261","-2.772588722239781","true"
"79","Activity C","2018/07/02 18:31:26.261","2018/07/02 18:31:26.261","-2.772588722239781","true"
"79","Activity H","2018/07/02 18:32:26.261","2018/07/02 18:32:26.261","-2.772588722239781","true"
"79","Activity E","2018/07/02 18:33:26.261","2018/07/02 18:33:26.261","-2.772588722239781","true"
"79","Activity F","2018/07/02 18:34:26.261","2018/07/02 18:34:26.261","-2.772588722239781","true"
"79","Activity E","2018/07/02 18:35:26.261","2018/07/02 18:35:26.261","-2.772588722239781","true"
"79","Activity D","2018/07/02 18:36:26.261","2018/07/02 18:36:26.261","-2.772588722239781","true"
"79","Activity G","2018/07/02 18:37:26.261","2018/07/02 18:37:26.261","-2.772588722239781","true"
"79","Activity B","2018/07/02 18:39:26.261","2018/07/02 18:39:26.261","-2.772588722239781","true"
"80","Activity A","2018/07/02 18:30:14.296","2018/07/02 18:30:14.296","-2.0794415416798357","true"
"80","Activity H","2018/07/02 18:32:14.296","2018/07/02 18:32:14.296","-2.0794415416798357","true"
"80","Activity C","2018/07/02 18:33:14.296","2018/07/02 18:33:14.296","-2.0794415416798357","true"
"80","Activity E","2018/07/02 18:34:14.296","2018/07/02 18:34:14.296","-2.0794415416798357","true"
"80","Activity F","2018/07/02 18:35:14.296","2018/07/02 18:35:14.296","-2.0794415416798357","true"
"80","Activity E","2018/07/02 18:36:14.296","2018/07/02 18:36:14.296","-2.0794415416798357","true"
"80","Activity D","2018/07/02 18:37:14.296","2018/07/02 18:37:14.296","-2.0794415416798357","true"
"80","Activity G","2018/07/02 18:38:14.296","2018/07/02 18:38:14.296","-2.0794415416798357","true"
"80","Activity B","2018/07/02 18:40:14.296","2018/07/02 18:40:14.296","-2.0794415416798357","true"
"81","Activity A","2018/07/02 18:31:03.240","2018/07/02 18:31:03.240","-2.0794415416798357","true"
"81","Activity H","2018/07/02 18:33:03.240","2018/07/02 18:33:03.240","-2.0794415416798357","true"
"81","Activity C","2018/07/02 18:34:03.240","2018/07/02 18:34:03.240","-2.0794415416798357","true"
"81","Activity E","2018/07/02 18:35:03.240","2018/07/02 18:35:03.240","-2.0794415416798357","true"
"81","Activity F","2018/07/02 18:36:03.240","2018/07/02 18:36:03.240","-2.0794415416798357","true"
"81","Activity E","2018/07/02 18:37:03.240","2018/07/02 18:37:03.240","-2.0794415416798357","true"
"81","Activity D","2018/07/02 18:38:03.240","2018/07/02 18:38:03.240","-2.0794415416798357","true"
"81","Activity G","2018/07/02 18:39:03.240","2018/07/02 18:39:03.240","-2.0794415416798357","true"
"81","Activity B","2018/07/02 18:41:03.240","2018/07/02 18:41:03.240","-2.0794415416798357","true"
"82","Activity A","2018/07/02 18:32:33.442","2018/07/02 18:32:33.442","-1.3862943611198906","true"
"82","Activity H","2018/07/02 18:34:33.442","2018/07/02 18:34:33.442","-1.3862943611198906","true"
"82","Activity C","2018/07/02 18:35:33.442","2018/07/02 18:35:33.442","-1.3862943611198906","true"
"82","Activity E","2018/07/02 18:36:33.442","2018/07/02 18:36:33.442","-1.3862943611198906","true"
"82","Activity D","2018/07/02 18:37:33.442","2018/07/02 18:37:33.442","-1.3862943611198906","true"
"82","Activity G","2018/07/02 18:38:33.442","2018/07/02 18:38:33.442","-1.3862943611198906","true"
"82","Activity B","2018/07/02 18:40:33.442","2018/07/02 18:40:33.442","-1.3862943611198906","true"
"83","Activity A","2018/07/02 18:32:35.077","2018/07/02 18:32:35.077","-3.4657359027997265","true"
"83","Activity H","2018/07/02 18:34:35.077","2018/07/02 18:34:35.077","-3.4657359027997265","true"
"83","Activity C","2018/07/02 18:35:35.077","2018/07/02 18:35:35.077","-3.4657359027997265","true"
"83","Activity E","2018/07/02 18:36:35.077","2018/07/02 18:36:35.077","-3.4657359027997265","true"
"83","Activity F","2018/07/02 18:37:35.077","2018/07/02 18:37:35.077","-3.4657359027997265","true"
"83","Activity E","2018/07/02 18:38:35.077","2018/07/02 18:38:35.077","-3.4657359027997265","true"
"83","Activity F","2018/07/02 18:39:35.077","2018/07/02 18:39:35.077","-3.4657359027997265","true"
"83","Activity E","2018/07/02 18:40:35.077","2018/07/02 18:40:35.077","-3.4657359027997265","true"
"83","Activity F","2018/07/02 18:41:35.077","2018/07/02 18:41:35.077","-3.4657359027997265","true"
"83","Activity E","2018/07/02 18:42:35.077","2018/07/02 18:42:35.077","-3.4657359027997265","true"
"83","Activity D","2018/07/02 18:43:35.077","2018/07/02 18:43:35.077","-3.4657359027997265","true"
"83","Activity G","2018/07/02 18:44:35.077","2018/07/02 18:44:35.077","-3.4657359027997265","true"
"83","Activity B","2018/07/02 18:46:35.077","2018/07/02 18:46:35.077","-3.4657359027997265","true"
"84","Activity A","2018/07/02 18:33:21.912","2018/07/02 18:33:21.912","-2.0794415416798357","true"
"84","Activity H","2018/07/02 18:35:21.912","2018/07/02 18:35:21.912","-2.0794415416798357","true"
"84","Activity C","2018/07/02 18:36:21.912","2018/07/02 18:36:21.912","-2.0794415416798357","true"
"84","Activity E","2018/07/02 18:37:21.912","2018/07/02 18:37:21.912","-2.0794415416798357","true"
"84","Activity F","2018/07/02 18:38:21.912","2018/07/02 18:38:21.912","-2.0794415416798357","true"
"84","Activity E","2018/07/02 18:39:21.912","2018/07/02 18:39:21.912","-2.0794415416798357","true"
"84","Activity D","2018/07/02 18:40:21.912","2018/07/02 18:40:21.912","-2.0794415416798357","true"
"84","Activity G","2018/07/02 18:41:21.912","2018/07/02 18:41:21.912","-2.0794415416798357","true"
"84","Activity B","2018/07/02 18:43:21.912","2018/07/02 18:43:21.912","-2.0794415416798357","true"
"85","Activity A","2018/07/02 18:34:31.117","2018/07/02 18:34:31.117","-3.871201010907891","true"
"85","Activity C","2018/07/02 18:36:31.117","2018/07/02 18:36:31.117","-3.871201010907891","true"
"85","Activity E","2018/07/02 18:37:31.117","2018/07/02 18:37:31.117","-3.871201010907891","true"
"85","Activity H","2018/07/02 18:38:31.117","2018/07/02 18:38:31.117","-3.871201010907891","true"
"85","Activity F","2018/07/02 18:39:31.117","2018/07/02 18:39:31.117","-3.871201010907891","true"
"85","Activity E","2018/07/02 18:40:31.117","2018/07/02 18:40:31.117","-3.871201010907891","true"
"85","Activity D","2018/07/02 18:41:31.117","2018/07/02 18:41:31.117","-3.871201010907891","true"
"85","Activity G","2018/07/02 18:42:31.117","2018/07/02 18:42:31.117","-3.871201010907891","true"
"85","Activity B","2018/07/02 18:44:31.117","2018/07/02 18:44:31.117","-3.871201010907891","true"
"86","Activity A","2018/07/02 18:36:16.815","2018/07/02 18:36:16.815","-2.0794415416798357","true"
"86","Activity C","2018/07/02 18:38:16.815","2018/07/02 18:38:16.815","-2.0794415416798357","true"
"86","Activity H","2018/07/02 18:39:16.815","2018/07/02 18:39:16.815","-2.0794415416798357","true"
"86","Activity E","2018/07/02 18:40:16.815","2018/07/02 18:40:16.815","-2.0794415416798357","true"
"86","Activity D","2018/07/02 18:41:16.815","2018/07/02 18:41:16.815","-2.0794415416798357","true"
"86","Activity G","2018/07/02 18:42:16.815","2018/07/02 18:42:16.815","-2.0794415416798357","true"
"86","Activity B","2018/07/02 18:44:16.815","2018/07/02 18:44:16.815","-2.0794415416798357","true"
"87","Activity A","2018/07/02 18:36:42.529","2018/07/02 18:36:42.529","-3.871201010907891","true"
"87","Activity C","2018/07/02 18:38:42.529","2018/07/02 18:38:42.529","-3.871201010907891","true"
"87","Activity E","2018/07/02 18:39:42.529","2018/07/02 18:39:42.529","-3.871201010907891","true"
"87","Activity F","2018/07/02 18:40:42.529","2018/07/02 18:40:42.529","-3.871201010907891","true"
"87","Activity H","2018/07/02 18:41:42.529","2018/07/02 18:41:42.529","-3.871201010907891","true"
"87","Activity E","2018/07/02 18:42:42.529","2018/07/02 18:42:42.529","-3.871201010907891","true"
"87","Activity D","2018/07/02 18:43:42.529","2018/07/02 18:43:42.529","-3.871201010907891","true"
"87","Activity G","2018/07/02 18:44:42.529","2018/07/02 18:44:42.529","-3.871201010907891","true"
"87","Activity B","2018/07/02 18:46:42.529","2018/07/02 18:46:42.529","-3.871201010907891","true"
"88","Activity A","2018/07/02 18:37:34.685","2018/07/02 18:37:34.685","-2.0794415416798357","true"
"88","Activity C","2018/07/02 18:39:34.685","2018/07/02 18:39:34.685","-2.0794415416798357","true"
"88","Activity H","2018/07/02 18:40:34.685","2018/07/02 18:40:34.685","-2.0794415416798357","true"
"88","Activity E","2018/07/02 18:41:34.685","2018/07/02 18:41:34.685","-2.0794415416798357","true"
"88","Activity D","2018/07/02 18:42:34.685","2018/07/02 18:42:34.685","-2.0794415416798357","true"
"88","Activity G","2018/07/02 18:43:34.685","2018/07/02 18:43:34.685","-2.0794415416798357","true"
"88","Activity B","2018/07/02 18:45:34.685","2018/07/02 18:45:34.685","-2.0794415416798357","true"
"89","Activity A","2018/07/02 18:38:06.772","2018/07/02 18:38:06.772","-2.0794415416798357","true"
"89","Activity C","2018/07/02 18:40:06.772","2018/07/02 18:40:06.772","-2.0794415416798357","true"
"89","Activity H","2018/07/02 18:41:06.772","2018/07/02 18:41:06.772","-2.0794415416798357","true"
"89","Activity E","2018/07/02 18:42:06.772","2018/07/02 18:42:06.772","-2.0794415416798357","true"
"89","Activity D","2018/07/02 18:43:06.772","2018/07/02 18:43:06.772","-2.0794415416798357","true"
"89","Activity G","2018/07/02 18:44:06.772","2018/07/02 18:44:06.772","-2.0794415416798357","true"
"89","Activity B","2018/07/02 18:46:06.772","2018/07/02 18:46:06.772","-2.0794415416798357","true"
"90","Activity A","2018/07/02 18:38:42.087","2018/07/02 18:38:42.087","-1.3862943611198906","true"
"90","Activity H","2018/07/02 18:40:42.087","2018/07/02 18:40:42.087","-1.3862943611198906","true"
"90","Activity C","2018/07/02 18:41:42.087","2018/07/02 18:41:42.087","-1.3862943611198906","true"
"90","Activity E","2018/07/02 18:42:42.087","2018/07/02 18:42:42.087","-1.3862943611198906","true"
"90","Activity D","2018/07/02 18:43:42.087","2018/07/02 18:43:42.087","-1.3862943611198906","true"
"90","Activity G","2018/07/02 18:44:42.087","2018/07/02 18:44:42.087","-1.3862943611198906","true"
"90","Activity B","2018/07/02 18:46:42.087","2018/07/02 18:46:42.087","-1.3862943611198906","true"
"91","Activity A","2018/07/02 18:38:48.231","2018/07/02 18:38:48.231","-2.0794415416798357","true"
"91","Activity H","2018/07/02 18:40:48.231","2018/07/02 18:40:48.231","-2.0794415416798357","true"
"91","Activity C","2018/07/02 18:41:48.231","2018/07/02 18:41:48.231","-2.0794415416798357","true"
"91","Activity E","2018/07/02 18:42:48.231","2018/07/02 18:42:48.231","-2.0794415416798357","true"
"91","Activity F","2018/07/02 18:43:48.231","2018/07/02 18:43:48.231","-2.0794415416798357","true"
"91","Activity E","2018/07/02 18:44:48.231","2018/07/02 18:44:48.231","-2.0794415416798357","true"
"91","Activity D","2018/07/02 18:45:48.231","2018/07/02 18:45:48.231","-2.0794415416798357","true"
"91","Activity G","2018/07/02 18:46:48.231","2018/07/02 18:46:48.231","-2.0794415416798357","true"
"91","Activity B","2018/07/02 18:48:48.231","2018/07/02 18:48:48.231","-2.0794415416798357","true"
"92","Activity A","2018/07/02 18:38:56.014","2018/07/02 18:38:56.014","-1.3862943611198906","true"
"92","Activity H","2018/07/02 18:40:56.014","2018/07/02 18:40:56.014","-1.3862943611198906","true"
"92","Activity C","2018/07/02 18:41:56.014","2018/07/02 18:41:56.014","-1.3862943611198906","true"
"92","Activity E","2018/07/02 18:42:56.014","2018/07/02 18:42:56.014","-1.3862943611198906","true"
"92","Activity D","2018/07/02 18:43:56.014","2018/07/02 18:43:56.014","-1.3862943611198906","true"
"92","Activity G","2018/07/02 18:44:56.014","2018/07/02 18:44:56.014","-1.3862943611198906","true"
"92","Activity B","2018/07/02 18:46:56.014","2018/07/02 18:46:56.014","-1.3862943611198906","true"
"93","Activity A","2018/07/02 18:39:06.502","2018/07/02 18:39:06.502","-2.772588722239781","true"
"93","Activity H","2018/07/02 18:41:06.502","2018/07/02 18:41:06.502","-2.772588722239781","true"
"93","Activity C","2018/07/02 18:42:06.502","2018/07/02 18:42:06.502","-2.772588722239781","true"
"93","Activity E","2018/07/02 18:43:06.502","2018/07/02 18:43:06.502","-2.772588722239781","true"
"93","Activity F","2018/07/02 18:44:06.502","2018/07/02 18:44:06.502","-2.772588722239781","true"
"93","Activity E","2018/07/02 18:45:06.502","2018/07/02 18:45:06.502","-2.772588722239781","true"
"93","Activity F","2018/07/02 18:46:06.502","2018/07/02 18:46:06.502","-2.772588722239781","true"
"93","Activity E","2018/07/02 18:47:06.502","2018/07/02 18:47:06.502","-2.772588722239781","true"
"93","Activity D","2018/07/02 18:48:06.502","2018/07/02 18:48:06.502","-2.772588722239781","true"
"93","Activity G","2018/07/02 18:49:06.502","2018/07/02 18:49:06.502","-2.772588722239781","true"
"93","Activity B","2018/07/02 18:51:06.502","2018/07/02 18:51:06.502","-2.772588722239781","true"
"94","Activity A","2018/07/02 18:41:00.845","2018/07/02 18:41:00.845","-4.564348191467836","true"
"94","Activity C","2018/07/02 18:43:00.845","2018/07/02 18:43:00.845","-4.564348191467836","true"
"94","Activity E","2018/07/02 18:44:00.845","2018/07/02 18:44:00.845","-4.564348191467836","true"
"94","Activity H","2018/07/02 18:45:00.845","2018/07/02 18:45:00.845","-4.564348191467836","true"
"94","Activity F","2018/07/02 18:46:00.845","2018/07/02 18:46:00.845","-4.564348191467836","true"
"94","Activity E","2018/07/02 18:47:00.845","2018/07/02 18:47:00.845","-4.564348191467836","true"
"94","Activity F","2018/07/02 18:48:00.845","2018/07/02 18:48:00.845","-4.564348191467836","true"
"94","Activity E","2018/07/02 18:49:00.845","2018/07/02 18:49:00.845","-4.564348191467836","true"
"94","Activity D","2018/07/02 18:50:00.845","2018/07/02 18:50:00.845","-4.564348191467836","true"
"94","Activity G","2018/07/02 18:51:00.845","2018/07/02 18:51:00.845","-4.564348191467836","true"
"94","Activity B","2018/07/02 18:53:00.845","2018/07/02 18:53:00.845","-4.564348191467836","true"
"95","Activity A","2018/07/02 18:42:06.715","2018/07/02 18:42:06.715","-2.0794415416798357","true"
"95","Activity C","2018/07/02 18:44:06.715","2018/07/02 18:44:06.715","-2.0794415416798357","true"
"95","Activity H","2018/07/02 18:45:06.715","2018/07/02 18:45:06.715","-2.0794415416798357","true"
"95","Activity E","2018/07/02 18:46:06.715","2018/07/02 18:46:06.715","-2.0794415416798357","true"
"95","Activity D","2018/07/02 18:47:06.715","2018/07/02 18:47:06.715","-2.0794415416798357","true"
"95","Activity G","2018/07/02 18:48:06.715","2018/07/02 18:48:06.715","-2.0794415416798357","true"
"95","Activity B","2018/07/02 18:50:06.715","2018/07/02 18:50:06.715","-2.0794415416798357","true"
"96","Activity A","2018/07/02 18:42:10.308","2018/07/02 18:42:10.308","-1.3862943611198906","true"
"96","Activity H","2018/07/02 18:44:10.308","2018/07/02 18:44:10.308","-1.3862943611198906","true"
"96","Activity C","2018/07/02 18:45:10.308","2018/07/02 18:45:10.308","-1.3862943611198906","true"
"96","Activity E","2018/07/02 18:46:10.308","2018/07/02 18:46:10.308","-1.3862943611198906","true"
"96","Activity D","2018/07/02 18:47:10.308","2018/07/02 18:47:10.308","-1.3862943611198906","true"
"96","Activity G","2018/07/02 18:48:10.308","2018/07/02 18:48:10.308","-1.3862943611198906","true"
"96","Activity B","2018/07/02 18:50:10.308","2018/07/02 18:50:10.308","-1.3862943611198906","true"
"97","Activity A","2018/07/02 18:44:13.264","2018/07/02 18:44:13.264","-4.969813299576001","true"
"97","Activity C","2018/07/02 18:46:13.264","2018/07/02 18:46:13.264","-4.969813299576001","true"
"97","Activity E","2018/07/02 18:47:13.264","2018/07/02 18:47:13.264","-4.969813299576001","true"
"97","Activity F","2018/07/02 18:48:13.264","2018/07/02 18:48:13.264","-4.969813299576001","true"
"97","Activity E","2018/07/02 18:49:13.264","2018/07/02 18:49:13.264","-4.969813299576001","true"
"97","Activity H","2018/07/02 18:50:13.264","2018/07/02 18:50:13.264","-4.969813299576001","true"
"97","Activity D","2018/07/02 18:51:13.264","2018/07/02 18:51:13.264","-4.969813299576001","true"
"97","Activity G","2018/07/02 18:52:13.264","2018/07/02 18:52:13.264","-4.969813299576001","true"
"97","Activity B","2018/07/02 18:54:13.264","2018/07/02 18:54:13.264","-4.969813299576001","true"
"98","Activity A","2018/07/02 18:44:23.857","2018/07/02 18:44:23.857","-5.545177444479562","true"
"98","Activity C","2018/07/02 18:46:23.857","2018/07/02 18:46:23.857","-5.545177444479562","true"
"98","Activity H","2018/07/02 18:47:23.857","2018/07/02 18:47:23.857","-5.545177444479562","true"
"98","Activity E","2018/07/02 18:48:23.857","2018/07/02 18:48:23.857","-5.545177444479562","true"
"98","Activity F","2018/07/02 18:49:23.857","2018/07/02 18:49:23.857","-5.545177444479562","true"
"98","Activity E","2018/07/02 18:50:23.857","2018/07/02 18:50:23.857","-5.545177444479562","true"
"98","Activity F","2018/07/02 18:51:23.857","2018/07/02 18:51:23.857","-5.545177444479562","true"
"98","Activity E","2018/07/02 18:52:23.857","2018/07/02 18:52:23.857","-5.545177444479562","true"
"98","Activity F","2018/07/02 18:53:23.857","2018/07/02 18:53:23.857","-5.545177444479562","true"
"98","Activity E","2018/07/02 18:54:23.857","2018/07/02 18:54:23.857","-5.545177444479562","true"
"98","Activity F","2018/07/02 18:55:23.857","2018/07/02 18:55:23.857","-5.545177444479562","true"
"98","Activity E","2018/07/02 18:56:23.857","2018/07/02 18:56:23.857","-5.545177444479562","true"
"98","Activity F","2018/07/02 18:57:23.857","2018/07/02 18:57:23.857","-5.545177444479562","true"
"98","Activity E","2018/07/02 18:58:23.857","2018/07/02 18:58:23.857","-5.545177444479562","true"
"98","Activity D","2018/07/02 18:59:23.857","2018/07/02 18:59:23.857","-5.545177444479562","true"
"98","Activity G","2018/07/02 19:00:23.857","2018/07/02 19:00:23.857","-5.545177444479562","true"
"98","Activity B","2018/07/02 19:02:23.857","2018/07/02 19:02:23.857","-5.545177444479562","true"
"99","Activity A","2018/07/02 18:45:21.174","2018/07/02 18:45:21.174","-3.1780538303479458","true"
"99","Activity C","2018/07/02 18:47:21.174","2018/07/02 18:47:21.174","-3.1780538303479458","true"
"99","Activity E","2018/07/02 18:48:21.174","2018/07/02 18:48:21.174","-3.1780538303479458","true"
"99","Activity D","2018/07/02 18:49:21.174","2018/07/02 18:49:21.174","-3.1780538303479458","true"
"99","Activity H","2018/07/02 18:50:21.174","2018/07/02 18:50:21.174","-3.1780538303479458","true"
"99","Activity G","2018/07/02 18:51:21.174","2018/07/02 18:51:21.174","-3.1780538303479458","true"
"99","Activity B","2018/07/02 18:53:21.174","2018/07/02 18:53:21.174","-3.1780538303479458","true"
